system_code,code
"1,0,0,0,0,0,0,0",0
"1,1,0,0,0,0,0,0",1
"1,1,1,0,0,0,0,0",2
"1,1,2,0,0,0,0,0",3
"1,1,3,0,0,0,0,0",4
"1,1,3,1,0,0,0,0",5
"1,1,3,1,1,0,0,0",6
"1,1,3,1,10,0,0,0",7
"1,1,3,1,11,0,0,0",8
"1,1,3,1,12,0,0,0",9
"1,1,3,1,12,1,0,0",10
"1,1,3,1,2,0,0,0",11
"1,1,3,1,3,0,0,0",12
"1,1,3,1,3,1,0,0",13
"1,1,3,1,3,2,0,0",14
"1,1,3,1,3,3,0,0",15
"1,1,3,1,3,4,0,0",16
"1,1,3,1,4,0,0,0",17
"1,1,3,1,5,0,0,0",18
"1,1,3,1,6,0,0,0",19
"1,1,3,1,7,0,0,0",20
"1,1,3,1,7,1,0,0",21
"1,1,3,1,8,0,0,0",22
"1,1,3,1,9,0,0,0",23
"1,1,3,2,0,0,0,0",24
"1,1,3,2,1,0,0,0",25
"1,1,3,2,2,0,0,0",26
"1,1,3,2,3,0,0,0",27
"1,1,4,0,0,0,0,0",28
"1,1,4,1,0,0,0,0",29
"1,1,4,1,1,0,0,0",30
"1,1,4,1,2,0,0,0",31
"1,1,4,1,3,0,0,0",32
"1,1,4,2,0,0,0,0",33
"1,1,4,2,1,0,0,0",34
"1,1,4,2,2,0,0,0",35
"1,1,4,2,3,0,0,0",36
"1,1,4,2,4,0,0,0",37
"1,1,4,2,5,0,0,0",38
"1,1,4,3,0,0,0,0",39
"1,1,4,3,1,0,0,0",40
"1,1,4,3,2,0,0,0",41
"1,1,4,3,3,0,0,0",42
"1,1,4,4,0,0,0,0",43
"1,1,4,5,0,0,0,0",44
"1,1,4,5,1,0,0,0",45
"1,1,4,5,2,0,0,0",46
"1,1,4,6,0,0,0,0",47
"1,1,4,6,1,0,0,0",48
"1,1,4,6,10,0,0,0",49
"1,1,4,6,11,0,0,0",50
"1,1,4,6,12,0,0,0",51
"1,1,4,6,2,0,0,0",52
"1,1,4,6,3,0,0,0",53
"1,1,4,6,4,0,0,0",54
"1,1,4,6,5,0,0,0",55
"1,1,4,6,6,0,0,0",56
"1,1,4,6,7,0,0,0",57
"1,1,4,6,8,0,0,0",58
"1,1,4,6,9,0,0,0",59
"1,1,4,7,0,0,0,0",60
"1,1,4,7,1,0,0,0",61
"1,1,4,7,2,0,0,0",62
"1,1,4,7,3,0,0,0",63
"1,1,4,7,4,0,0,0",64
"1,1,4,7,5,0,0,0",65
"1,1,4,7,6,0,0,0",66
"1,1,4,8,0,0,0,0",67
"1,1,4,8,1,0,0,0",68
"1,1,4,8,2,0,0,0",69
"1,1,4,9,0,0,0,0",70
"1,1,5,0,0,0,0,0",71
"1,1,5,1,0,0,0,0",72
"1,1,5,1,1,0,0,0",73
"1,1,5,1,2,0,0,0",74
"1,1,5,1,3,0,0,0",75
"1,1,5,1,4,0,0,0",76
"1,1,5,1,5,0,0,0",77
"1,1,5,1,5,1,0,0",78
"1,1,5,1,5,2,0,0",79
"1,1,5,1,6,0,0,0",80
"1,1,5,1,7,0,0,0",81
"1,1,5,1,7,1,0,0",82
"1,1,5,1,7,2,0,0",83
"1,1,5,2,0,0,0,0",84
"1,1,5,3,0,0,0,0",85
"1,1,5,3,1,0,0,0",86
"1,1,5,3,1,1,0,0",87
"1,1,5,3,2,0,0,0",88
"1,1,5,3,3,0,0,0",89
"1,1,5,3,4,0,0,0",90
"1,1,5,3,4,1,0,0",91
"1,1,5,3,4,2,0,0",92
"1,1,5,3,5,0,0,0",93
"1,1,5,4,0,0,0,0",94
"1,1,5,5,0,0,0,0",95
"1,1,5,5,1,0,0,0",96
"1,1,5,5,2,0,0,0",97
"1,1,5,5,2,1,0,0",98
"1,1,5,5,2,2,0,0",99
"1,1,5,5,3,0,0,0",100
"1,1,5,5,3,1,0,0",101
"1,1,5,5,3,2,0,0",102
"1,1,5,5,4,0,0,0",103
"1,1,5,5,5,0,0,0",104
"1,1,6,0,0,0,0,0",105
"1,1,6,1,0,0,0,0",106
"1,1,6,10,0,0,0,0",107
"1,1,6,2,0,0,0,0",108
"1,1,6,3,0,0,0,0",109
"1,1,6,4,0,0,0,0",110
"1,1,6,5,0,0,0,0",111
"1,1,6,6,0,0,0,0",112
"1,1,6,7,0,0,0,0",113
"1,1,6,8,0,0,0,0",114
"1,1,6,9,0,0,0,0",115
"1,1,7,0,0,0,0,0",116
"1,2,0,0,0,0,0,0",117
"1,2,1,0,0,0,0,0",118
"1,2,2,0,0,0,0,0",119
"1,2,3,0,0,0,0,0",120
"1,2,3,1,0,0,0,0",121
"1,2,3,2,0,0,0,0",122
"1,2,3,3,0,0,0,0",123
"1,2,3,4,0,0,0,0",124
"1,2,3,5,0,0,0,0",125
"1,2,3,6,0,0,0,0",126
"1,2,4,0,0,0,0,0",127
"1,2,4,1,0,0,0,0",128
"1,2,5,0,0,0,0,0",129
"1,2,5,1,0,0,0,0",130
"1,2,5,2,0,0,0,0",131
"1,3,0,0,0,0,0,0",132
"1,3,1,0,0,0,0,0",133
"1,3,1,1,0,0,0,0",134
"1,3,1,1,1,0,0,0",135
"1,3,1,1,1,1,0,0",136
"1,3,1,1,1,2,0,0",137
"1,3,1,1,1,3,0,0",138
"1,3,1,1,2,0,0,0",139
"1,3,1,2,0,0,0,0",140
"1,3,1,2,1,0,0,0",141
"1,3,1,2,1,1,0,0",142
"1,3,1,2,1,2,0,0",143
"1,3,1,2,1,3,0,0",144
"1,3,1,2,2,0,0,0",145
"1,3,1,3,0,0,0,0",146
"1,3,1,3,1,0,0,0",147
"1,3,1,3,1,1,0,0",148
"1,3,1,3,2,0,0,0",149
"1,3,1,3,2,1,0,0",150
"1,4,0,0,0,0,0,0",151
"1,4,1,0,0,0,0,0",152
"1,4,1,1,0,0,0,0",153
"1,4,2,0,0,0,0,0",154
"1,4,2,1,0,0,0,0",155
"1,4,2,2,0,0,0,0",156
"1,4,2,3,0,0,0,0",157
"1,4,2,4,0,0,0,0",158
"1,4,2,5,0,0,0,0",159
"1,4,2,6,0,0,0,0",160
"1,4,2,7,0,0,0,0",161
"1,4,3,0,0,0,0,0",162
"1,5,0,0,0,0,0,0",163
"1,5,1,0,0,0,0,0",164
"1,5,2,0,0,0,0,0",165
"1,6,0,0,0,0,0,0",166
"1,6,1,0,0,0,0,0",167
"1,6,2,0,0,0,0,0",168
"1,6,3,0,0,0,0,0",169
"1,6,3,1,0,0,0,0",170
"2,0,0,0,0,0,0,0",171
"2,1,0,0,0,0,0,0",172
"2,1,1,0,0,0,0,0",173
"2,1,1,1,0,0,0,0",174
"2,1,1,10,0,0,0,0",175
"2,1,1,10,1,0,0,0",176
"2,1,1,10,1,1,0,0",177
"2,1,1,10,2,0,0,0",178
"2,1,1,10,2,1,0,0",179
"2,1,1,10,2,2,0,0",180
"2,1,1,10,2,3,0,0",181
"2,1,1,10,2,4,0,0",182
"2,1,1,10,2,5,0,0",183
"2,1,1,10,3,0,0,0",184
"2,1,1,10,3,1,0,0",185
"2,1,1,11,0,0,0,0",186
"2,1,1,11,1,0,0,0",187
"2,1,1,11,2,0,0,0",188
"2,1,1,11,3,0,0,0",189
"2,1,1,11,4,0,0,0",190
"2,1,1,12,0,0,0,0",191
"2,1,1,12,1,0,0,0",192
"2,1,1,12,2,0,0,0",193
"2,1,1,12,2,1,0,0",194
"2,1,1,12,3,0,0,0",195
"2,1,1,12,4,0,0,0",196
"2,1,1,2,0,0,0,0",197
"2,1,1,2,1,0,0,0",198
"2,1,1,2,2,0,0,0",199
"2,1,1,2,3,0,0,0",200
"2,1,1,2,4,0,0,0",201
"2,1,1,3,0,0,0,0",202
"2,1,1,3,1,0,0,0",203
"2,1,1,3,2,0,0,0",204
"2,1,1,3,3,0,0,0",205
"2,1,1,3,4,0,0,0",206
"2,1,1,4,0,0,0,0",207
"2,1,1,5,0,0,0,0",208
"2,1,1,6,0,0,0,0",209
"2,1,1,7,0,0,0,0",210
"2,1,1,7,1,0,0,0",211
"2,1,1,7,2,0,0,0",212
"2,1,1,7,3,0,0,0",213
"2,1,1,8,0,0,0,0",214
"2,1,1,9,0,0,0,0",215
"2,1,1,9,1,0,0,0",216
"2,1,1,9,1,1,0,0",217
"2,1,1,9,1,2,0,0",218
"2,1,1,9,2,0,0,0",219
"2,1,1,9,3,0,0,0",220
"2,1,1,9,3,1,0,0",221
"2,1,2,0,0,0,0,0",222
"2,1,2,1,0,0,0,0",223
"2,1,2,1,1,0,0,0",224
"2,1,2,1,2,0,0,0",225
"2,1,2,1,3,0,0,0",226
"2,1,2,1,4,0,0,0",227
"2,1,2,1,5,0,0,0",228
"2,1,2,1,6,0,0,0",229
"2,1,2,1,7,0,0,0",230
"2,1,2,1,8,0,0,0",231
"2,1,2,2,0,0,0,0",232
"2,1,2,3,0,0,0,0",233
"2,1,2,4,0,0,0,0",234
"2,1,2,4,1,0,0,0",235
"2,1,2,5,0,0,0,0",236
"2,1,2,6,0,0,0,0",237
"2,1,2,6,1,0,0,0",238
"2,1,2,7,0,0,0,0",239
"2,1,2,7,1,0,0,0",240
"2,1,2,7,2,0,0,0",241
"2,1,2,7,3,0,0,0",242
"2,2,0,0,0,0,0,0",243
"2,2,1,0,0,0,0,0",244
"2,2,1,1,0,0,0,0",245
"2,2,1,10,0,0,0,0",246
"2,2,1,10,1,0,0,0",247
"2,2,1,10,2,0,0,0",248
"2,2,1,11,0,0,0,0",249
"2,2,1,11,1,0,0,0",250
"2,2,1,11,2,0,0,0",251
"2,2,1,11,3,0,0,0",252
"2,2,1,12,0,0,0,0",253
"2,2,1,12,1,0,0,0",254
"2,2,1,12,10,0,0,0",255
"2,2,1,12,11,0,0,0",256
"2,2,1,12,2,0,0,0",257
"2,2,1,12,3,0,0,0",258
"2,2,1,12,4,0,0,0",259
"2,2,1,12,5,0,0,0",260
"2,2,1,12,6,0,0,0",261
"2,2,1,12,7,0,0,0",262
"2,2,1,12,8,0,0,0",263
"2,2,1,12,9,0,0,0",264
"2,2,1,13,0,0,0,0",265
"2,2,1,14,0,0,0,0",266
"2,2,1,14,1,0,0,0",267
"2,2,1,14,2,0,0,0",268
"2,2,1,15,0,0,0,0",269
"2,2,1,15,1,0,0,0",270
"2,2,1,15,2,0,0,0",271
"2,2,1,16,0,0,0,0",272
"2,2,1,16,1,0,0,0",273
"2,2,1,16,1,1,0,0",274
"2,2,1,16,1,2,0,0",275
"2,2,1,16,1,3,0,0",276
"2,2,1,16,2,0,0,0",277
"2,2,1,16,2,1,0,0",278
"2,2,1,16,2,2,0,0",279
"2,2,1,16,3,0,0,0",280
"2,2,1,16,4,0,0,0",281
"2,2,1,16,5,0,0,0",282
"2,2,1,16,6,0,0,0",283
"2,2,1,17,0,0,0,0",284
"2,2,1,17,1,0,0,0",285
"2,2,1,17,2,0,0,0",286
"2,2,1,2,0,0,0,0",287
"2,2,1,3,0,0,0,0",288
"2,2,1,3,1,0,0,0",289
"2,2,1,3,1,1,0,0",290
"2,2,1,3,1,2,0,0",291
"2,2,1,3,2,0,0,0",292
"2,2,1,3,3,0,0,0",293
"2,2,1,3,3,1,0,0",294
"2,2,1,3,4,0,0,0",295
"2,2,1,4,0,0,0,0",296
"2,2,1,4,1,0,0,0",297
"2,2,1,5,0,0,0,0",298
"2,2,1,5,1,0,0,0",299
"2,2,1,6,0,0,0,0",300
"2,2,1,6,1,0,0,0",301
"2,2,1,7,0,0,0,0",302
"2,2,1,7,1,0,0,0",303
"2,2,1,7,2,0,0,0",304
"2,2,1,8,0,0,0,0",305
"2,2,1,8,1,0,0,0",306
"2,2,1,8,2,0,0,0",307
"2,2,1,8,3,0,0,0",308
"2,2,1,9,0,0,0,0",309
"2,2,1,9,1,0,0,0",310
"2,2,1,9,2,0,0,0",311
"2,2,1,9,3,0,0,0",312
"2,2,1,9,4,0,0,0",313
"2,2,1,9,5,0,0,0",314
"2,2,1,9,6,0,0,0",315
"2,2,10,0,0,0,0,0",316
"2,2,10,1,0,0,0,0",317
"2,2,10,2,0,0,0,0",318
"2,2,10,3,0,0,0,0",319
"2,2,10,4,0,0,0,0",320
"2,2,10,5,0,0,0,0",321
"2,2,11,0,0,0,0,0",322
"2,2,11,1,0,0,0,0",323
"2,2,11,2,0,0,0,0",324
"2,2,11,3,0,0,0,0",325
"2,2,11,4,0,0,0,0",326
"2,2,11,5,0,0,0,0",327
"2,2,11,6,0,0,0,0",328
"2,2,12,0,0,0,0,0",329
"2,2,12,1,0,0,0,0",330
"2,2,12,1,1,0,0,0",331
"2,2,12,1,1,1,0,0",332
"2,2,12,1,1,2,0,0",333
"2,2,12,2,0,0,0,0",334
"2,2,12,2,1,0,0,0",335
"2,2,12,2,1,1,0,0",336
"2,2,12,2,1,1,1,0",337
"2,2,12,2,1,1,2,0",338
"2,2,12,2,1,2,0,0",339
"2,2,12,2,1,2,1,0",340
"2,2,12,2,1,2,2,0",341
"2,2,12,2,1,2,3,0",342
"2,2,12,2,1,2,4,0",343
"2,2,12,2,1,2,5,0",344
"2,2,12,2,1,3,0,0",345
"2,2,12,2,1,3,1,0",346
"2,2,12,2,1,3,2,0",347
"2,2,12,2,2,0,0,0",348
"2,2,12,2,2,1,0,0",349
"2,2,12,2,2,2,0,0",350
"2,2,12,2,2,3,0,0",351
"2,2,13,0,0,0,0,0",352
"2,2,13,1,0,0,0,0",353
"2,2,13,1,1,0,0,0",354
"2,2,13,1,2,0,0,0",355
"2,2,13,2,0,0,0,0",356
"2,2,13,2,1,0,0,0",357
"2,2,13,2,2,0,0,0",358
"2,2,13,2,3,0,0,0",359
"2,2,13,2,4,0,0,0",360
"2,2,13,2,5,0,0,0",361
"2,2,13,3,0,0,0,0",362
"2,2,13,4,0,0,0,0",363
"2,2,13,5,0,0,0,0",364
"2,2,13,5,1,0,0,0",365
"2,2,13,5,2,0,0,0",366
"2,2,14,0,0,0,0,0",367
"2,2,14,1,0,0,0,0",368
"2,2,14,1,1,0,0,0",369
"2,2,14,1,1,1,0,0",370
"2,2,14,1,1,2,0,0",371
"2,2,14,1,1,3,0,0",372
"2,2,14,1,2,0,0,0",373
"2,2,14,1,3,0,0,0",374
"2,2,14,1,3,1,0,0",375
"2,2,14,1,3,2,0,0",376
"2,2,14,1,4,0,0,0",377
"2,2,14,1,4,1,0,0",378
"2,2,14,2,0,0,0,0",379
"2,2,14,2,1,0,0,0",380
"2,2,14,2,2,0,0,0",381
"2,2,14,2,2,1,0,0",382
"2,2,14,2,3,0,0,0",383
"2,2,14,2,3,1,0,0",384
"2,2,14,2,4,0,0,0",385
"2,2,14,2,5,0,0,0",386
"2,2,14,2,5,1,0,0",387
"2,2,15,0,0,0,0,0",388
"2,2,15,1,0,0,0,0",389
"2,2,15,1,1,0,0,0",390
"2,2,15,1,1,1,0,0",391
"2,2,15,1,1,2,0,0",392
"2,2,15,1,2,0,0,0",393
"2,2,15,1,2,1,0,0",394
"2,2,15,1,2,2,0,0",395
"2,2,15,1,3,0,0,0",396
"2,2,15,2,0,0,0,0",397
"2,2,15,2,1,0,0,0",398
"2,2,15,2,1,1,0,0",399
"2,2,15,2,1,2,0,0",400
"2,2,15,2,1,3,0,0",401
"2,2,15,3,0,0,0,0",402
"2,2,15,3,1,0,0,0",403
"2,2,15,3,1,1,0,0",404
"2,2,15,3,2,0,0,0",405
"2,2,15,3,3,0,0,0",406
"2,2,15,3,4,0,0,0",407
"2,2,15,3,4,1,0,0",408
"2,2,15,3,5,0,0,0",409
"2,2,15,3,5,1,0,0",410
"2,2,15,3,5,2,0,0",411
"2,2,15,4,0,0,0,0",412
"2,2,15,4,1,0,0,0",413
"2,2,15,4,1,1,0,0",414
"2,2,15,4,1,2,0,0",415
"2,2,15,4,1,3,0,0",416
"2,2,15,4,1,4,0,0",417
"2,2,15,4,1,5,0,0",418
"2,2,15,4,1,6,0,0",419
"2,2,15,4,2,0,0,0",420
"2,2,15,4,2,1,0,0",421
"2,2,15,4,2,2,0,0",422
"2,2,15,4,2,3,0,0",423
"2,2,15,4,2,4,0,0",424
"2,2,15,4,3,0,0,0",425
"2,2,15,4,4,0,0,0",426
"2,2,15,4,4,1,0,0",427
"2,2,15,4,4,2,0,0",428
"2,2,15,4,4,3,0,0",429
"2,2,15,4,4,4,0,0",430
"2,2,15,4,4,5,0,0",431
"2,2,15,4,5,0,0,0",432
"2,2,15,4,5,1,0,0",433
"2,2,15,4,5,2,0,0",434
"2,2,15,4,5,3,0,0",435
"2,2,15,4,5,4,0,0",436
"2,2,15,5,0,0,0,0",437
"2,2,15,5,1,0,0,0",438
"2,2,15,5,2,0,0,0",439
"2,2,15,5,3,0,0,0",440
"2,2,16,0,0,0,0,0",441
"2,2,16,1,0,0,0,0",442
"2,2,16,1,1,0,0,0",443
"2,2,16,1,2,0,0,0",444
"2,2,16,1,3,0,0,0",445
"2,2,16,2,0,0,0,0",446
"2,2,16,2,1,0,0,0",447
"2,2,16,2,2,0,0,0",448
"2,2,16,2,3,0,0,0",449
"2,2,16,2,4,0,0,0",450
"2,2,16,2,5,0,0,0",451
"2,2,16,2,6,0,0,0",452
"2,2,16,2,7,0,0,0",453
"2,2,16,3,0,0,0,0",454
"2,2,16,3,1,0,0,0",455
"2,2,16,3,1,1,0,0",456
"2,2,16,3,2,0,0,0",457
"2,2,16,3,2,1,0,0",458
"2,2,16,4,0,0,0,0",459
"2,2,16,4,1,0,0,0",460
"2,2,16,4,2,0,0,0",461
"2,2,16,5,0,0,0,0",462
"2,2,16,5,1,0,0,0",463
"2,2,16,5,2,0,0,0",464
"2,2,16,5,2,1,0,0",465
"2,2,16,5,3,0,0,0",466
"2,2,16,5,3,1,0,0",467
"2,2,16,5,4,0,0,0",468
"2,2,16,5,4,1,0,0",469
"2,2,16,5,4,2,0,0",470
"2,2,16,6,0,0,0,0",471
"2,2,16,6,1,0,0,0",472
"2,2,16,6,2,0,0,0",473
"2,2,16,7,0,0,0,0",474
"2,2,16,7,1,0,0,0",475
"2,2,16,7,1,1,0,0",476
"2,2,16,7,2,0,0,0",477
"2,2,16,7,2,1,0,0",478
"2,2,17,0,0,0,0,0",479
"2,2,17,1,0,0,0,0",480
"2,2,17,1,1,0,0,0",481
"2,2,17,1,2,0,0,0",482
"2,2,17,1,3,0,0,0",483
"2,2,17,1,3,1,0,0",484
"2,2,17,1,3,2,0,0",485
"2,2,17,1,4,0,0,0",486
"2,2,17,1,5,0,0,0",487
"2,2,17,1,6,0,0,0",488
"2,2,17,2,0,0,0,0",489
"2,2,17,2,1,0,0,0",490
"2,2,17,2,1,1,0,0",491
"2,2,17,2,2,0,0,0",492
"2,2,17,2,2,1,0,0",493
"2,2,17,2,2,2,0,0",494
"2,2,17,2,2,3,0,0",495
"2,2,17,2,2,4,0,0",496
"2,2,17,2,2,5,0,0",497
"2,2,17,2,3,0,0,0",498
"2,2,17,2,4,0,0,0",499
"2,2,17,2,4,1,0,0",500
"2,2,17,2,4,2,0,0",501
"2,2,17,2,4,3,0,0",502
"2,2,17,2,4,4,0,0",503
"2,2,17,3,0,0,0,0",504
"2,2,17,3,1,0,0,0",505
"2,2,17,3,2,0,0,0",506
"2,2,17,3,3,0,0,0",507
"2,2,17,4,0,0,0,0",508
"2,2,17,4,1,0,0,0",509
"2,2,17,4,1,1,0,0",510
"2,2,17,5,0,0,0,0",511
"2,2,17,5,1,0,0,0",512
"2,2,17,5,1,1,0,0",513
"2,2,17,5,1,10,0,0",514
"2,2,17,5,1,2,0,0",515
"2,2,17,5,1,3,0,0",516
"2,2,17,5,1,4,0,0",517
"2,2,17,5,1,5,0,0",518
"2,2,17,5,1,6,0,0",519
"2,2,17,5,1,7,0,0",520
"2,2,17,5,1,8,0,0",521
"2,2,17,5,1,9,0,0",522
"2,2,17,5,2,0,0,0",523
"2,2,17,5,2,1,0,0",524
"2,2,17,5,2,2,0,0",525
"2,2,17,5,3,0,0,0",526
"2,2,17,5,3,1,0,0",527
"2,2,17,5,3,10,0,0",528
"2,2,17,5,3,11,0,0",529
"2,2,17,5,3,12,0,0",530
"2,2,17,5,3,13,0,0",531
"2,2,17,5,3,14,0,0",532
"2,2,17,5,3,15,0,0",533
"2,2,17,5,3,16,0,0",534
"2,2,17,5,3,2,0,0",535
"2,2,17,5,3,3,0,0",536
"2,2,17,5,3,4,0,0",537
"2,2,17,5,3,5,0,0",538
"2,2,17,5,3,6,0,0",539
"2,2,17,5,3,7,0,0",540
"2,2,17,5,3,8,0,0",541
"2,2,17,5,3,9,0,0",542
"2,2,17,5,4,0,0,0",543
"2,2,17,5,4,1,0,0",544
"2,2,17,5,4,2,0,0",545
"2,2,17,5,4,3,0,0",546
"2,2,17,5,5,0,0,0",547
"2,2,17,5,6,0,0,0",548
"2,2,17,5,6,1,0,0",549
"2,2,17,5,6,2,0,0",550
"2,2,17,5,6,3,0,0",551
"2,2,17,5,6,4,0,0",552
"2,2,17,5,6,5,0,0",553
"2,2,17,5,6,6,0,0",554
"2,2,17,5,6,7,0,0",555
"2,2,17,5,6,8,0,0",556
"2,2,17,5,6,9,0,0",557
"2,2,17,5,7,0,0,0",558
"2,2,17,5,7,1,0,0",559
"2,2,17,5,8,0,0,0",560
"2,2,17,5,8,1,0,0",561
"2,2,17,5,8,2,0,0",562
"2,2,18,0,0,0,0,0",563
"2,2,18,1,0,0,0,0",564
"2,2,18,1,1,0,0,0",565
"2,2,18,1,1,1,0,0",566
"2,2,18,1,1,2,0,0",567
"2,2,18,1,1,3,0,0",568
"2,2,18,1,1,4,0,0",569
"2,2,18,1,1,5,0,0",570
"2,2,18,1,1,6,0,0",571
"2,2,18,1,1,7,0,0",572
"2,2,18,1,2,0,0,0",573
"2,2,18,1,2,1,0,0",574
"2,2,18,1,2,1,1,0",575
"2,2,18,1,2,1,2,0",576
"2,2,18,1,2,1,2,1",577
"2,2,18,1,2,1,2,2",578
"2,2,18,1,2,1,2,3",579
"2,2,18,1,2,1,2,4",580
"2,2,18,1,2,1,2,5",581
"2,2,18,1,2,1,2,6",582
"2,2,18,1,2,1,3,0",583
"2,2,18,1,2,1,4,0",584
"2,2,18,1,2,1,5,0",585
"2,2,18,1,2,1,6,0",586
"2,2,18,1,2,1,7,0",587
"2,2,18,1,2,2,0,0",588
"2,2,18,1,2,3,0,0",589
"2,2,18,1,2,3,1,0",590
"2,2,18,1,2,3,2,0",591
"2,2,18,1,2,3,2,1",592
"2,2,18,1,2,3,3,0",593
"2,2,18,1,2,3,4,0",594
"2,2,18,1,2,3,5,0",595
"2,2,18,1,3,0,0,0",596
"2,2,18,1,3,1,0,0",597
"2,2,18,1,3,10,0,0",598
"2,2,18,1,3,10,1,0",599
"2,2,18,1,3,10,2,0",600
"2,2,18,1,3,10,3,0",601
"2,2,18,1,3,11,0,0",602
"2,2,18,1,3,11,1,0",603
"2,2,18,1,3,11,2,0",604
"2,2,18,1,3,11,3,0",605
"2,2,18,1,3,12,0,0",606
"2,2,18,1,3,12,1,0",607
"2,2,18,1,3,12,2,0",608
"2,2,18,1,3,2,0,0",609
"2,2,18,1,3,3,0,0",610
"2,2,18,1,3,3,1,0",611
"2,2,18,1,3,4,0,0",612
"2,2,18,1,3,4,1,0",613
"2,2,18,1,3,4,2,0",614
"2,2,18,1,3,4,3,0",615
"2,2,18,1,3,4,4,0",616
"2,2,18,1,3,4,5,0",617
"2,2,18,1,3,4,6,0",618
"2,2,18,1,3,4,7,0",619
"2,2,18,1,3,4,8,0",620
"2,2,18,1,3,4,9,0",621
"2,2,18,1,3,5,0,0",622
"2,2,18,1,3,5,1,0",623
"2,2,18,1,3,5,2,0",624
"2,2,18,1,3,5,3,0",625
"2,2,18,1,3,5,4,0",626
"2,2,18,1,3,5,5,0",627
"2,2,18,1,3,5,6,0",628
"2,2,18,1,3,6,0,0",629
"2,2,18,1,3,6,1,0",630
"2,2,18,1,3,6,2,0",631
"2,2,18,1,3,6,3,0",632
"2,2,18,1,3,6,4,0",633
"2,2,18,1,3,6,5,0",634
"2,2,18,1,3,7,0,0",635
"2,2,18,1,3,7,1,0",636
"2,2,18,1,3,7,2,0",637
"2,2,18,1,3,7,3,0",638
"2,2,18,1,3,8,0,0",639
"2,2,18,1,3,8,1,0",640
"2,2,18,1,3,8,2,0",641
"2,2,18,1,3,8,3,0",642
"2,2,18,1,3,9,0,0",643
"2,2,18,1,3,9,1,0",644
"2,2,18,1,3,9,2,0",645
"2,2,18,1,3,9,3,0",646
"2,2,18,1,3,9,4,0",647
"2,2,18,1,3,9,5,0",648
"2,2,18,1,3,9,6,0",649
"2,2,18,2,0,0,0,0",650
"2,2,18,2,1,0,0,0",651
"2,2,18,2,1,1,0,0",652
"2,2,18,2,1,2,0,0",653
"2,2,18,2,1,3,0,0",654
"2,2,18,2,2,0,0,0",655
"2,2,18,2,2,1,0,0",656
"2,2,18,2,2,2,0,0",657
"2,2,18,2,2,3,0,0",658
"2,2,18,3,0,0,0,0",659
"2,2,18,3,1,0,0,0",660
"2,2,18,3,1,1,0,0",661
"2,2,18,3,1,1,1,0",662
"2,2,18,3,1,1,2,0",663
"2,2,18,3,1,1,3,0",664
"2,2,18,3,1,1,4,0",665
"2,2,18,3,1,1,5,0",666
"2,2,18,3,1,2,0,0",667
"2,2,18,3,1,2,1,0",668
"2,2,18,3,10,0,0,0",669
"2,2,18,3,10,1,0,0",670
"2,2,18,3,10,1,1,0",671
"2,2,18,3,10,1,2,0",672
"2,2,18,3,10,1,3,0",673
"2,2,18,3,10,1,4,0",674
"2,2,18,3,10,2,0,0",675
"2,2,18,3,10,2,1,0",676
"2,2,18,3,10,2,2,0",677
"2,2,18,3,10,2,3,0",678
"2,2,18,3,10,2,4,0",679
"2,2,18,3,10,3,0,0",680
"2,2,18,3,11,0,0,0",681
"2,2,18,3,11,1,0,0",682
"2,2,18,3,11,1,1,0",683
"2,2,18,3,11,1,2,0",684
"2,2,18,3,11,2,0,0",685
"2,2,18,3,11,2,1,0",686
"2,2,18,3,2,0,0,0",687
"2,2,18,3,3,0,0,0",688
"2,2,18,3,3,1,0,0",689
"2,2,18,3,3,2,0,0",690
"2,2,18,3,4,0,0,0",691
"2,2,18,3,4,1,0,0",692
"2,2,18,3,4,1,1,0",693
"2,2,18,3,4,1,2,0",694
"2,2,18,3,4,1,3,0",695
"2,2,18,3,4,1,4,0",696
"2,2,18,3,4,2,0,0",697
"2,2,18,3,4,2,1,0",698
"2,2,18,3,4,2,2,0",699
"2,2,18,3,5,0,0,0",700
"2,2,18,3,5,1,0,0",701
"2,2,18,3,5,1,1,0",702
"2,2,18,3,5,1,2,0",703
"2,2,18,3,5,1,3,0",704
"2,2,18,3,5,1,4,0",705
"2,2,18,3,5,1,5,0",706
"2,2,18,3,5,2,0,0",707
"2,2,18,3,5,2,1,0",708
"2,2,18,3,6,0,0,0",709
"2,2,18,3,7,0,0,0",710
"2,2,18,3,7,1,0,0",711
"2,2,18,3,7,1,1,0",712
"2,2,18,3,7,1,2,0",713
"2,2,18,3,7,1,3,0",714
"2,2,18,3,7,2,0,0",715
"2,2,18,3,7,2,1,0",716
"2,2,18,3,7,2,2,0",717
"2,2,18,3,7,2,3,0",718
"2,2,18,3,7,2,4,0",719
"2,2,18,3,7,2,5,0",720
"2,2,18,3,7,2,6,0",721
"2,2,18,3,7,2,7,0",722
"2,2,18,3,8,0,0,0",723
"2,2,18,3,8,1,0,0",724
"2,2,18,3,9,0,0,0",725
"2,2,18,3,9,1,0,0",726
"2,2,18,3,9,1,1,0",727
"2,2,18,3,9,2,0,0",728
"2,2,18,4,0,0,0,0",729
"2,2,18,4,1,0,0,0",730
"2,2,18,4,2,0,0,0",731
"2,2,19,0,0,0,0,0",732
"2,2,19,1,0,0,0,0",733
"2,2,19,1,1,0,0,0",734
"2,2,19,1,1,1,0,0",735
"2,2,19,1,1,2,0,0",736
"2,2,19,1,2,0,0,0",737
"2,2,19,1,2,1,0,0",738
"2,2,19,1,3,0,0,0",739
"2,2,19,1,3,1,0,0",740
"2,2,19,1,3,2,0,0",741
"2,2,19,1,3,3,0,0",742
"2,2,19,1,3,4,0,0",743
"2,2,19,1,3,5,0,0",744
"2,2,19,1,4,0,0,0",745
"2,2,19,1,4,1,0,0",746
"2,2,19,1,4,2,0,0",747
"2,2,19,1,4,3,0,0",748
"2,2,19,1,4,4,0,0",749
"2,2,19,1,5,0,0,0",750
"2,2,19,1,5,1,0,0",751
"2,2,19,1,5,2,0,0",752
"2,2,19,1,5,3,0,0",753
"2,2,19,1,6,0,0,0",754
"2,2,19,1,6,1,0,0",755
"2,2,19,1,6,2,0,0",756
"2,2,19,1,6,3,0,0",757
"2,2,19,1,6,4,0,0",758
"2,2,19,1,7,0,0,0",759
"2,2,19,1,7,1,0,0",760
"2,2,19,1,8,0,0,0",761
"2,2,19,2,0,0,0,0",762
"2,2,19,2,1,0,0,0",763
"2,2,19,2,2,0,0,0",764
"2,2,19,2,3,0,0,0",765
"2,2,19,3,0,0,0,0",766
"2,2,19,3,1,0,0,0",767
"2,2,19,3,10,0,0,0",768
"2,2,19,3,2,0,0,0",769
"2,2,19,3,3,0,0,0",770
"2,2,19,3,4,0,0,0",771
"2,2,19,3,5,0,0,0",772
"2,2,19,3,6,0,0,0",773
"2,2,19,3,7,0,0,0",774
"2,2,19,3,8,0,0,0",775
"2,2,19,3,9,0,0,0",776
"2,2,2,0,0,0,0,0",777
"2,2,2,1,0,0,0,0",778
"2,2,2,1,1,0,0,0",779
"2,2,2,2,0,0,0,0",780
"2,2,2,2,1,0,0,0",781
"2,2,2,2,1,1,0,0",782
"2,2,2,2,2,0,0,0",783
"2,2,2,2,2,1,0,0",784
"2,2,2,2,3,0,0,0",785
"2,2,2,2,3,1,0,0",786
"2,2,2,2,3,2,0,0",787
"2,2,2,2,3,3,0,0",788
"2,2,2,2,3,4,0,0",789
"2,2,2,2,3,5,0,0",790
"2,2,2,2,3,6,0,0",791
"2,2,2,2,4,0,0,0",792
"2,2,2,2,4,1,0,0",793
"2,2,2,2,4,2,0,0",794
"2,2,2,3,0,0,0,0",795
"2,2,2,3,1,0,0,0",796
"2,2,2,3,2,0,0,0",797
"2,2,2,3,3,0,0,0",798
"2,2,2,3,4,0,0,0",799
"2,2,2,3,5,0,0,0",800
"2,2,2,4,0,0,0,0",801
"2,2,2,4,1,0,0,0",802
"2,2,2,4,1,1,0,0",803
"2,2,2,4,2,0,0,0",804
"2,2,2,4,2,1,0,0",805
"2,2,2,4,2,2,0,0",806
"2,2,2,4,2,3,0,0",807
"2,2,2,4,2,4,0,0",808
"2,2,2,4,2,5,0,0",809
"2,2,2,4,3,0,0,0",810
"2,2,2,4,3,1,0,0",811
"2,2,2,4,3,2,0,0",812
"2,2,2,4,3,3,0,0",813
"2,2,2,4,3,4,0,0",814
"2,2,2,4,3,5,0,0",815
"2,2,2,5,0,0,0,0",816
"2,2,2,5,1,0,0,0",817
"2,2,2,5,2,0,0,0",818
"2,2,2,5,3,0,0,0",819
"2,2,2,5,4,0,0,0",820
"2,2,2,6,0,0,0,0",821
"2,2,2,6,1,0,0,0",822
"2,2,2,7,0,0,0,0",823
"2,2,2,7,1,0,0,0",824
"2,2,2,8,0,0,0,0",825
"2,2,2,8,1,0,0,0",826
"2,2,20,0,0,0,0,0",827
"2,2,20,1,0,0,0,0",828
"2,2,20,1,1,0,0,0",829
"2,2,20,2,0,0,0,0",830
"2,2,20,2,1,0,0,0",831
"2,2,20,2,2,0,0,0",832
"2,2,20,3,0,0,0,0",833
"2,2,20,3,1,0,0,0",834
"2,2,20,3,1,1,0,0",835
"2,2,20,3,1,2,0,0",836
"2,2,20,3,2,0,0,0",837
"2,2,20,3,3,0,0,0",838
"2,2,20,3,4,0,0,0",839
"2,2,20,4,0,0,0,0",840
"2,2,20,4,1,0,0,0",841
"2,2,20,4,1,1,0,0",842
"2,2,20,4,1,2,0,0",843
"2,2,20,4,1,3,0,0",844
"2,2,20,4,1,4,0,0",845
"2,2,20,4,2,0,0,0",846
"2,2,20,4,3,0,0,0",847
"2,2,20,4,3,1,0,0",848
"2,2,20,5,0,0,0,0",849
"2,2,21,0,0,0,0,0",850
"2,2,21,1,0,0,0,0",851
"2,2,21,2,0,0,0,0",852
"2,2,21,2,1,0,0,0",853
"2,2,22,0,0,0,0,0",854
"2,2,22,1,0,0,0,0",855
"2,2,22,1,1,0,0,0",856
"2,2,22,1,1,1,0,0",857
"2,2,22,1,1,2,0,0",858
"2,2,22,1,2,0,0,0",859
"2,2,22,1,2,1,0,0",860
"2,2,22,1,2,2,0,0",861
"2,2,22,1,3,0,0,0",862
"2,2,22,2,0,0,0,0",863
"2,2,22,2,1,0,0,0",864
"2,2,22,2,1,1,0,0",865
"2,2,22,2,2,0,0,0",866
"2,2,22,2,2,1,0,0",867
"2,2,22,2,3,0,0,0",868
"2,2,22,2,3,1,0,0",869
"2,2,22,3,0,0,0,0",870
"2,2,22,3,1,0,0,0",871
"2,2,23,0,0,0,0,0",872
"2,2,23,1,0,0,0,0",873
"2,2,23,1,1,0,0,0",874
"2,2,23,1,1,1,0,0",875
"2,2,23,1,1,2,0,0",876
"2,2,23,1,2,0,0,0",877
"2,2,23,1,2,1,0,0",878
"2,2,23,1,2,10,0,0",879
"2,2,23,1,2,11,0,0",880
"2,2,23,1,2,2,0,0",881
"2,2,23,1,2,3,0,0",882
"2,2,23,1,2,4,0,0",883
"2,2,23,1,2,5,0,0",884
"2,2,23,1,2,6,0,0",885
"2,2,23,1,2,7,0,0",886
"2,2,23,1,2,8,0,0",887
"2,2,23,1,2,9,0,0",888
"2,2,23,1,3,0,0,0",889
"2,2,23,1,4,0,0,0",890
"2,2,23,1,4,1,0,0",891
"2,2,23,1,4,2,0,0",892
"2,2,23,1,4,3,0,0",893
"2,2,23,1,4,4,0,0",894
"2,2,23,1,5,0,0,0",895
"2,2,24,0,0,0,0,0",896
"2,2,24,1,0,0,0,0",897
"2,2,24,1,1,0,0,0",898
"2,2,24,1,1,1,0,0",899
"2,2,24,1,1,2,0,0",900
"2,2,24,1,2,0,0,0",901
"2,2,24,1,2,1,0,0",902
"2,2,24,2,0,0,0,0",903
"2,2,24,2,1,0,0,0",904
"2,2,24,2,1,1,0,0",905
"2,2,24,2,10,0,0,0",906
"2,2,24,2,10,1,0,0",907
"2,2,24,2,10,1,1,0",908
"2,2,24,2,10,1,2,0",909
"2,2,24,2,10,1,3,0",910
"2,2,24,2,10,1,4,0",911
"2,2,24,2,2,0,0,0",912
"2,2,24,2,2,1,0,0",913
"2,2,24,2,3,0,0,0",914
"2,2,24,2,4,0,0,0",915
"2,2,24,2,4,1,0,0",916
"2,2,24,2,4,2,0,0",917
"2,2,24,2,4,3,0,0",918
"2,2,24,2,5,0,0,0",919
"2,2,24,2,6,0,0,0",920
"2,2,24,2,6,1,0,0",921
"2,2,24,2,6,2,0,0",922
"2,2,24,2,6,3,0,0",923
"2,2,24,2,7,0,0,0",924
"2,2,24,2,7,1,0,0",925
"2,2,24,2,7,2,0,0",926
"2,2,24,2,7,3,0,0",927
"2,2,24,2,7,4,0,0",928
"2,2,24,2,7,5,0,0",929
"2,2,24,2,7,6,0,0",930
"2,2,24,2,7,7,0,0",931
"2,2,24,2,7,8,0,0",932
"2,2,24,2,8,0,0,0",933
"2,2,24,2,8,1,0,0",934
"2,2,24,2,9,0,0,0",935
"2,2,24,2,9,1,0,0",936
"2,2,25,0,0,0,0,0",937
"2,2,25,1,0,0,0,0",938
"2,2,25,2,0,0,0,0",939
"2,2,26,0,0,0,0,0",940
"2,2,26,1,0,0,0,0",941
"2,2,26,1,1,0,0,0",942
"2,2,26,1,1,1,0,0",943
"2,2,26,1,1,2,0,0",944
"2,2,26,1,1,3,0,0",945
"2,2,26,1,1,4,0,0",946
"2,2,26,1,1,5,0,0",947
"2,2,27,0,0,0,0,0",948
"2,2,27,1,0,0,0,0",949
"2,2,27,1,1,0,0,0",950
"2,2,27,1,1,1,0,0",951
"2,2,27,1,1,2,0,0",952
"2,2,27,1,1,2,1,0",953
"2,2,27,1,1,2,2,0",954
"2,2,27,1,1,3,0,0",955
"2,2,27,1,1,3,1,0",956
"2,2,27,1,1,4,0,0",957
"2,2,27,1,1,4,1,0",958
"2,2,27,1,1,4,2,0",959
"2,2,27,1,1,5,0,0",960
"2,2,27,1,1,5,1,0",961
"2,2,27,1,1,5,1,1",962
"2,2,27,1,1,5,2,0",963
"2,2,27,1,1,6,0,0",964
"2,2,27,1,1,6,1,0",965
"2,2,27,1,1,6,2,0",966
"2,2,27,1,1,6,3,0",967
"2,2,27,1,1,7,0,0",968
"2,2,27,1,1,7,1,0",969
"2,2,27,1,1,7,2,0",970
"2,2,27,1,1,7,3,0",971
"2,2,27,1,1,8,0,0",972
"2,2,27,1,2,0,0,0",973
"2,2,27,1,2,1,0,0",974
"2,2,27,1,2,2,0,0",975
"2,2,27,1,2,2,1,0",976
"2,2,27,1,2,2,1,1",977
"2,2,27,1,2,3,0,0",978
"2,2,27,1,2,3,1,0",979
"2,2,27,1,2,4,0,0",980
"2,2,27,1,2,4,1,0",981
"2,2,27,1,2,5,0,0",982
"2,2,27,1,2,5,1,0",983
"2,2,27,1,2,5,1,1",984
"2,2,27,1,2,5,2,0",985
"2,2,27,1,2,6,0,0",986
"2,2,27,1,3,0,0,0",987
"2,2,27,1,3,1,0,0",988
"2,2,27,1,3,2,0,0",989
"2,2,27,1,3,3,0,0",990
"2,2,27,1,3,3,1,0",991
"2,2,27,1,3,4,0,0",992
"2,2,27,1,3,5,0,0",993
"2,2,27,1,4,0,0,0",994
"2,2,27,1,4,1,0,0",995
"2,2,27,1,4,1,1,0",996
"2,2,27,1,4,2,0,0",997
"2,2,27,1,4,2,1,0",998
"2,2,27,1,4,2,2,0",999
"2,2,27,1,4,2,3,0",1000
"2,2,27,1,4,2,4,0",1001
"2,2,27,1,4,3,0,0",1002
"2,2,27,1,4,3,1,0",1003
"2,2,27,1,4,3,2,0",1004
"2,2,27,1,4,4,0,0",1005
"2,2,27,1,4,5,0,0",1006
"2,2,27,1,4,5,1,0",1007
"2,2,27,1,4,5,2,0",1008
"2,2,27,1,4,6,0,0",1009
"2,2,27,1,5,0,0,0",1010
"2,2,27,1,5,1,0,0",1011
"2,2,27,1,5,2,0,0",1012
"2,2,27,2,0,0,0,0",1013
"2,2,27,2,1,0,0,0",1014
"2,2,27,2,1,1,0,0",1015
"2,2,27,2,2,0,0,0",1016
"2,2,27,2,2,1,0,0",1017
"2,2,27,2,2,2,0,0",1018
"2,2,27,2,2,3,0,0",1019
"2,2,27,2,2,4,0,0",1020
"2,2,27,2,3,0,0,0",1021
"2,2,27,2,3,1,0,0",1022
"2,2,27,2,4,0,0,0",1023
"2,2,27,2,4,1,0,0",1024
"2,2,27,2,4,2,0,0",1025
"2,2,27,2,4,3,0,0",1026
"2,2,27,2,4,4,0,0",1027
"2,2,27,2,4,5,0,0",1028
"2,2,27,2,4,5,1,0",1029
"2,2,27,2,4,6,0,0",1030
"2,2,27,2,4,7,0,0",1031
"2,2,27,2,5,0,0,0",1032
"2,2,27,2,5,1,0,0",1033
"2,2,27,2,5,2,0,0",1034
"2,2,27,2,5,3,0,0",1035
"2,2,27,2,5,4,0,0",1036
"2,2,27,2,6,0,0,0",1037
"2,2,27,2,6,1,0,0",1038
"2,2,27,2,6,2,0,0",1039
"2,2,27,2,6,3,0,0",1040
"2,2,27,2,6,3,1,0",1041
"2,2,27,2,6,3,2,0",1042
"2,2,27,2,6,4,0,0",1043
"2,2,27,2,7,0,0,0",1044
"2,2,27,3,0,0,0,0",1045
"2,2,27,3,1,0,0,0",1046
"2,2,27,3,1,1,0,0",1047
"2,2,27,3,1,2,0,0",1048
"2,2,27,3,2,0,0,0",1049
"2,2,27,3,3,0,0,0",1050
"2,2,27,3,3,1,0,0",1051
"2,2,27,3,3,2,0,0",1052
"2,2,27,3,3,3,0,0",1053
"2,2,27,3,3,4,0,0",1054
"2,2,27,3,3,5,0,0",1055
"2,2,27,3,3,5,1,0",1056
"2,2,27,3,3,5,2,0",1057
"2,2,27,3,3,5,3,0",1058
"2,2,27,3,3,6,0,0",1059
"2,2,27,3,3,7,0,0",1060
"2,2,27,3,3,8,0,0",1061
"2,2,27,3,3,9,0,0",1062
"2,2,27,3,4,0,0,0",1063
"2,2,27,3,4,1,0,0",1064
"2,2,27,3,4,10,0,0",1065
"2,2,27,3,4,11,0,0",1066
"2,2,27,3,4,12,0,0",1067
"2,2,27,3,4,13,0,0",1068
"2,2,27,3,4,14,0,0",1069
"2,2,27,3,4,15,0,0",1070
"2,2,27,3,4,16,0,0",1071
"2,2,27,3,4,17,0,0",1072
"2,2,27,3,4,2,0,0",1073
"2,2,27,3,4,3,0,0",1074
"2,2,27,3,4,4,0,0",1075
"2,2,27,3,4,5,0,0",1076
"2,2,27,3,4,6,0,0",1077
"2,2,27,3,4,7,0,0",1078
"2,2,27,3,4,8,0,0",1079
"2,2,27,3,4,9,0,0",1080
"2,2,27,3,5,0,0,0",1081
"2,2,27,3,5,1,0,0",1082
"2,2,27,3,5,10,0,0",1083
"2,2,27,3,5,11,0,0",1084
"2,2,27,3,5,12,0,0",1085
"2,2,27,3,5,13,0,0",1086
"2,2,27,3,5,2,0,0",1087
"2,2,27,3,5,3,0,0",1088
"2,2,27,3,5,4,0,0",1089
"2,2,27,3,5,5,0,0",1090
"2,2,27,3,5,6,0,0",1091
"2,2,27,3,5,7,0,0",1092
"2,2,27,3,5,8,0,0",1093
"2,2,27,3,5,9,0,0",1094
"2,2,27,3,6,0,0,0",1095
"2,2,27,3,6,1,0,0",1096
"2,2,27,3,6,1,1,0",1097
"2,2,27,3,6,1,2,0",1098
"2,2,27,3,6,1,3,0",1099
"2,2,27,3,6,2,0,0",1100
"2,2,27,3,6,2,1,0",1101
"2,2,27,3,6,2,2,0",1102
"2,2,27,3,6,3,0,0",1103
"2,2,27,4,0,0,0,0",1104
"2,2,27,4,1,0,0,0",1105
"2,2,27,4,1,1,0,0",1106
"2,2,27,4,2,0,0,0",1107
"2,2,27,4,3,0,0,0",1108
"2,2,27,4,4,0,0,0",1109
"2,2,27,4,4,1,0,0",1110
"2,2,27,4,4,2,0,0",1111
"2,2,27,4,5,0,0,0",1112
"2,2,27,4,6,0,0,0",1113
"2,2,27,4,6,1,0,0",1114
"2,2,27,4,6,2,0,0",1115
"2,2,27,4,6,3,0,0",1116
"2,2,27,5,0,0,0,0",1117
"2,2,27,5,1,0,0,0",1118
"2,2,27,5,2,0,0,0",1119
"2,2,27,5,2,1,0,0",1120
"2,2,27,5,2,2,0,0",1121
"2,2,27,5,3,0,0,0",1122
"2,2,27,5,3,1,0,0",1123
"2,2,27,5,3,2,0,0",1124
"2,2,27,5,3,3,0,0",1125
"2,2,27,5,4,0,0,0",1126
"2,2,27,5,4,1,0,0",1127
"2,2,27,5,4,1,1,0",1128
"2,2,27,5,4,1,2,0",1129
"2,2,27,5,4,1,3,0",1130
"2,2,27,5,4,2,0,0",1131
"2,2,27,5,4,3,0,0",1132
"2,2,27,5,4,4,0,0",1133
"2,2,27,5,4,5,0,0",1134
"2,2,27,6,0,0,0,0",1135
"2,2,27,6,1,0,0,0",1136
"2,2,27,6,1,1,0,0",1137
"2,2,27,6,2,0,0,0",1138
"2,2,27,6,3,0,0,0",1139
"2,2,27,6,3,1,0,0",1140
"2,2,27,6,4,0,0,0",1141
"2,2,27,6,5,0,0,0",1142
"2,2,27,6,6,0,0,0",1143
"2,2,27,6,6,1,0,0",1144
"2,2,27,6,6,2,0,0",1145
"2,2,27,7,0,0,0,0",1146
"2,2,27,7,1,0,0,0",1147
"2,2,27,7,1,1,0,0",1148
"2,2,27,7,1,1,1,0",1149
"2,2,27,7,1,2,0,0",1150
"2,2,27,7,1,2,1,0",1151
"2,2,27,7,1,3,0,0",1152
"2,2,27,7,1,4,0,0",1153
"2,2,27,7,1,4,1,0",1154
"2,2,27,7,1,5,0,0",1155
"2,2,27,7,1,5,1,0",1156
"2,2,27,7,1,6,0,0",1157
"2,2,27,7,1,6,1,0",1158
"2,2,27,7,1,6,2,0",1159
"2,2,27,7,2,0,0,0",1160
"2,2,27,7,2,1,0,0",1161
"2,2,27,7,2,2,0,0",1162
"2,2,27,7,2,3,0,0",1163
"2,2,27,7,2,3,1,0",1164
"2,2,27,7,2,3,1,1",1165
"2,2,27,7,2,3,1,2",1166
"2,2,27,7,2,3,2,0",1167
"2,2,27,7,2,3,3,0",1168
"2,2,27,7,2,3,4,0",1169
"2,2,27,7,2,3,5,0",1170
"2,2,27,7,2,4,0,0",1171
"2,2,27,7,2,4,1,0",1172
"2,2,27,7,2,4,2,0",1173
"2,2,27,7,2,4,3,0",1174
"2,2,27,7,2,4,3,1",1175
"2,2,27,7,2,5,0,0",1176
"2,2,27,7,2,5,1,0",1177
"2,2,27,7,2,5,2,0",1178
"2,2,27,7,2,5,3,0",1179
"2,2,27,7,2,6,0,0",1180
"2,2,27,7,2,6,1,0",1181
"2,2,27,7,2,6,2,0",1182
"2,2,27,7,2,6,3,0",1183
"2,2,27,7,2,6,4,0",1184
"2,2,27,7,2,7,0,0",1185
"2,2,27,7,2,7,1,0",1186
"2,2,27,7,2,7,1,1",1187
"2,2,27,7,2,7,2,0",1188
"2,2,27,7,2,7,2,1",1189
"2,2,27,7,2,7,2,2",1190
"2,2,27,7,3,0,0,0",1191
"2,2,27,7,3,1,0,0",1192
"2,2,27,7,3,2,0,0",1193
"2,2,27,7,3,3,0,0",1194
"2,2,27,7,3,3,1,0",1195
"2,2,27,7,3,3,2,0",1196
"2,2,27,7,3,3,3,0",1197
"2,2,27,7,3,3,4,0",1198
"2,2,27,7,3,3,5,0",1199
"2,2,27,7,3,3,6,0",1200
"2,2,27,7,3,3,7,0",1201
"2,2,27,7,3,4,0,0",1202
"2,2,27,7,3,4,1,0",1203
"2,2,27,7,3,4,1,1",1204
"2,2,27,7,3,5,0,0",1205
"2,2,27,7,3,5,1,0",1206
"2,2,27,7,3,6,0,0",1207
"2,2,27,7,3,6,1,0",1208
"2,2,27,7,3,6,2,0",1209
"2,2,27,7,3,7,0,0",1210
"2,2,27,7,3,7,1,0",1211
"2,2,27,7,3,7,1,1",1212
"2,2,27,7,3,7,1,2",1213
"2,2,27,7,3,7,2,0",1214
"2,2,28,0,0,0,0,0",1215
"2,2,28,1,0,0,0,0",1216
"2,2,28,2,0,0,0,0",1217
"2,2,28,2,1,0,0,0",1218
"2,2,28,2,2,0,0,0",1219
"2,2,29,0,0,0,0,0",1220
"2,2,29,1,0,0,0,0",1221
"2,2,29,1,1,0,0,0",1222
"2,2,29,2,0,0,0,0",1223
"2,2,29,2,1,0,0,0",1224
"2,2,29,2,1,1,0,0",1225
"2,2,29,2,1,1,1,0",1226
"2,2,29,2,1,2,0,0",1227
"2,2,29,2,1,2,1,0",1228
"2,2,29,2,2,0,0,0",1229
"2,2,29,2,2,1,0,0",1230
"2,2,29,2,2,2,0,0",1231
"2,2,29,2,2,3,0,0",1232
"2,2,29,2,2,4,0,0",1233
"2,2,29,2,2,5,0,0",1234
"2,2,29,2,2,6,0,0",1235
"2,2,29,2,2,7,0,0",1236
"2,2,29,2,3,0,0,0",1237
"2,2,29,2,3,1,0,0",1238
"2,2,29,2,3,1,1,0",1239
"2,2,29,2,3,1,2,0",1240
"2,2,29,3,0,0,0,0",1241
"2,2,29,3,1,0,0,0",1242
"2,2,29,3,1,1,0,0",1243
"2,2,29,3,1,2,0,0",1244
"2,2,29,3,2,0,0,0",1245
"2,2,29,3,3,0,0,0",1246
"2,2,29,3,3,1,0,0",1247
"2,2,29,3,4,0,0,0",1248
"2,2,29,3,4,1,0,0",1249
"2,2,29,4,0,0,0,0",1250
"2,2,29,4,1,0,0,0",1251
"2,2,29,4,1,1,0,0",1252
"2,2,29,4,1,1,1,0",1253
"2,2,29,4,1,2,0,0",1254
"2,2,29,4,1,3,0,0",1255
"2,2,29,4,1,3,1,0",1256
"2,2,29,4,1,4,0,0",1257
"2,2,29,4,1,4,1,0",1258
"2,2,29,4,1,5,0,0",1259
"2,2,29,4,2,0,0,0",1260
"2,2,29,4,2,1,0,0",1261
"2,2,29,4,2,1,1,0",1262
"2,2,29,4,2,1,2,0",1263
"2,2,29,4,2,2,0,0",1264
"2,2,29,4,3,0,0,0",1265
"2,2,29,4,3,1,0,0",1266
"2,2,29,4,3,2,0,0",1267
"2,2,29,4,3,2,1,0",1268
"2,2,29,4,3,2,2,0",1269
"2,2,29,4,3,2,3,0",1270
"2,2,29,4,3,2,4,0",1271
"2,2,29,4,3,2,5,0",1272
"2,2,29,4,3,3,0,0",1273
"2,2,29,4,3,3,1,0",1274
"2,2,29,4,3,3,2,0",1275
"2,2,29,4,3,3,3,0",1276
"2,2,29,4,3,3,4,0",1277
"2,2,29,4,3,3,5,0",1278
"2,2,29,4,3,3,6,0",1279
"2,2,3,0,0,0,0,0",1280
"2,2,3,1,0,0,0,0",1281
"2,2,3,1,1,0,0,0",1282
"2,2,3,1,2,0,0,0",1283
"2,2,3,1,3,0,0,0",1284
"2,2,3,1,4,0,0,0",1285
"2,2,3,2,0,0,0,0",1286
"2,2,3,2,1,0,0,0",1287
"2,2,3,2,2,0,0,0",1288
"2,2,3,2,3,0,0,0",1289
"2,2,3,3,0,0,0,0",1290
"2,2,3,3,1,0,0,0",1291
"2,2,3,3,2,0,0,0",1292
"2,2,30,0,0,0,0,0",1293
"2,2,30,1,0,0,0,0",1294
"2,2,30,2,0,0,0,0",1295
"2,2,30,3,0,0,0,0",1296
"2,2,31,0,0,0,0,0",1297
"2,2,31,1,0,0,0,0",1298
"2,2,31,1,1,0,0,0",1299
"2,2,31,1,1,1,0,0",1300
"2,2,31,1,1,1,1,0",1301
"2,2,31,1,1,2,0,0",1302
"2,2,31,1,1,3,0,0",1303
"2,2,31,1,1,3,1,0",1304
"2,2,31,1,1,3,2,0",1305
"2,2,31,1,1,4,0,0",1306
"2,2,31,1,1,5,0,0",1307
"2,2,31,1,1,6,0,0",1308
"2,2,31,2,0,0,0,0",1309
"2,2,31,2,1,0,0,0",1310
"2,2,31,2,1,1,0,0",1311
"2,2,31,2,1,1,1,0",1312
"2,2,31,2,1,2,0,0",1313
"2,2,31,2,1,3,0,0",1314
"2,2,31,2,1,3,1,0",1315
"2,2,31,2,2,0,0,0",1316
"2,2,31,2,2,1,0,0",1317
"2,2,31,2,2,1,1,0",1318
"2,2,31,2,2,1,2,0",1319
"2,2,31,2,2,1,3,0",1320
"2,2,31,2,2,2,0,0",1321
"2,2,31,2,3,0,0,0",1322
"2,2,31,2,3,1,0,0",1323
"2,2,31,2,3,2,0,0",1324
"2,2,31,2,4,0,0,0",1325
"2,2,31,2,4,1,0,0",1326
"2,2,31,2,4,2,0,0",1327
"2,2,31,2,4,3,0,0",1328
"2,2,31,2,4,3,1,0",1329
"2,2,31,2,4,4,0,0",1330
"2,2,31,2,4,5,0,0",1331
"2,2,31,2,5,0,0,0",1332
"2,2,31,2,5,1,0,0",1333
"2,2,31,2,5,2,0,0",1334
"2,2,31,2,5,2,1,0",1335
"2,2,31,2,5,2,2,0",1336
"2,2,31,2,6,0,0,0",1337
"2,2,31,2,6,1,0,0",1338
"2,2,31,2,6,1,1,0",1339
"2,2,31,2,6,1,2,0",1340
"2,2,31,2,6,2,0,0",1341
"2,2,31,2,6,2,1,0",1342
"2,2,31,2,6,2,2,0",1343
"2,2,31,2,6,2,3,0",1344
"2,2,31,2,6,2,4,0",1345
"2,2,31,2,6,2,5,0",1346
"2,2,31,2,6,3,0,0",1347
"2,2,31,2,6,3,1,0",1348
"2,2,31,2,6,3,2,0",1349
"2,2,31,2,6,3,3,0",1350
"2,2,31,2,6,3,4,0",1351
"2,2,31,2,6,3,5,0",1352
"2,2,31,2,6,4,0,0",1353
"2,2,31,2,6,4,1,0",1354
"2,2,31,2,6,4,10,0",1355
"2,2,31,2,6,4,11,0",1356
"2,2,31,2,6,4,12,0",1357
"2,2,31,2,6,4,13,0",1358
"2,2,31,2,6,4,14,0",1359
"2,2,31,2,6,4,2,0",1360
"2,2,31,2,6,4,3,0",1361
"2,2,31,2,6,4,4,0",1362
"2,2,31,2,6,4,5,0",1363
"2,2,31,2,6,4,6,0",1364
"2,2,31,2,6,4,7,0",1365
"2,2,31,2,6,4,8,0",1366
"2,2,31,2,6,4,9,0",1367
"2,2,31,2,7,0,0,0",1368
"2,2,31,2,7,1,0,0",1369
"2,2,31,2,7,1,1,0",1370
"2,2,31,2,7,2,0,0",1371
"2,2,31,2,7,2,1,0",1372
"2,2,31,2,7,2,2,0",1373
"2,2,31,2,7,2,3,0",1374
"2,2,31,2,7,2,4,0",1375
"2,2,31,2,7,3,0,0",1376
"2,2,4,0,0,0,0,0",1377
"2,2,4,1,0,0,0,0",1378
"2,2,4,1,1,0,0,0",1379
"2,2,4,1,2,0,0,0",1380
"2,2,4,2,0,0,0,0",1381
"2,2,4,2,1,0,0,0",1382
"2,2,5,0,0,0,0,0",1383
"2,2,5,1,0,0,0,0",1384
"2,2,5,1,1,0,0,0",1385
"2,2,5,2,0,0,0,0",1386
"2,2,5,2,1,0,0,0",1387
"2,2,5,3,0,0,0,0",1388
"2,2,5,3,1,0,0,0",1389
"2,2,6,0,0,0,0,0",1390
"2,2,6,1,0,0,0,0",1391
"2,2,6,1,1,0,0,0",1392
"2,2,6,1,1,1,0,0",1393
"2,2,6,1,1,1,1,0",1394
"2,2,6,1,1,1,2,0",1395
"2,2,6,1,1,1,3,0",1396
"2,2,6,1,1,2,0,0",1397
"2,2,6,1,1,2,1,0",1398
"2,2,6,1,1,3,0,0",1399
"2,2,6,1,1,4,0,0",1400
"2,2,6,1,1,4,1,0",1401
"2,2,6,1,1,5,0,0",1402
"2,2,6,1,1,6,0,0",1403
"2,2,6,1,1,6,1,0",1404
"2,2,6,1,2,0,0,0",1405
"2,2,6,1,2,1,0,0",1406
"2,2,6,1,3,0,0,0",1407
"2,2,6,1,3,1,0,0",1408
"2,2,6,1,3,2,0,0",1409
"2,2,6,1,3,3,0,0",1410
"2,2,6,1,3,4,0,0",1411
"2,2,6,1,3,5,0,0",1412
"2,2,6,1,3,6,0,0",1413
"2,2,6,1,3,7,0,0",1414
"2,2,6,1,4,0,0,0",1415
"2,2,6,1,4,1,0,0",1416
"2,2,6,1,4,2,0,0",1417
"2,2,6,1,4,2,1,0",1418
"2,2,6,1,4,2,2,0",1419
"2,2,6,1,4,3,0,0",1420
"2,2,6,1,4,3,1,0",1421
"2,2,6,2,0,0,0,0",1422
"2,2,6,2,1,0,0,0",1423
"2,2,6,2,1,1,0,0",1424
"2,2,6,2,1,2,0,0",1425
"2,2,6,2,10,0,0,0",1426
"2,2,6,2,11,0,0,0",1427
"2,2,6,2,11,1,0,0",1428
"2,2,6,2,11,1,1,0",1429
"2,2,6,2,12,0,0,0",1430
"2,2,6,2,13,0,0,0",1431
"2,2,6,2,13,1,0,0",1432
"2,2,6,2,14,0,0,0",1433
"2,2,6,2,14,1,0,0",1434
"2,2,6,2,14,2,0,0",1435
"2,2,6,2,14,3,0,0",1436
"2,2,6,2,14,3,1,0",1437
"2,2,6,2,2,0,0,0",1438
"2,2,6,2,2,1,0,0",1439
"2,2,6,2,2,2,0,0",1440
"2,2,6,2,2,3,0,0",1441
"2,2,6,2,2,4,0,0",1442
"2,2,6,2,2,5,0,0",1443
"2,2,6,2,2,5,1,0",1444
"2,2,6,2,2,5,2,0",1445
"2,2,6,2,2,5,3,0",1446
"2,2,6,2,3,0,0,0",1447
"2,2,6,2,4,0,0,0",1448
"2,2,6,2,4,1,0,0",1449
"2,2,6,2,4,2,0,0",1450
"2,2,6,2,5,0,0,0",1451
"2,2,6,2,5,1,0,0",1452
"2,2,6,2,5,1,1,0",1453
"2,2,6,2,5,2,0,0",1454
"2,2,6,2,5,2,1,0",1455
"2,2,6,2,5,3,0,0",1456
"2,2,6,2,5,3,1,0",1457
"2,2,6,2,5,4,0,0",1458
"2,2,6,2,6,0,0,0",1459
"2,2,6,2,6,1,0,0",1460
"2,2,6,2,6,2,0,0",1461
"2,2,6,2,6,3,0,0",1462
"2,2,6,2,6,3,1,0",1463
"2,2,6,2,6,4,0,0",1464
"2,2,6,2,7,0,0,0",1465
"2,2,6,2,7,1,0,0",1466
"2,2,6,2,7,2,0,0",1467
"2,2,6,2,7,2,1,0",1468
"2,2,6,2,7,3,0,0",1469
"2,2,6,2,7,3,1,0",1470
"2,2,6,2,7,3,2,0",1471
"2,2,6,2,7,3,3,0",1472
"2,2,6,2,7,3,4,0",1473
"2,2,6,2,7,4,0,0",1474
"2,2,6,2,7,5,0,0",1475
"2,2,6,2,8,0,0,0",1476
"2,2,6,2,8,1,0,0",1477
"2,2,6,2,8,1,1,0",1478
"2,2,6,2,8,2,0,0",1479
"2,2,6,2,8,3,0,0",1480
"2,2,6,2,8,4,0,0",1481
"2,2,6,2,9,0,0,0",1482
"2,2,6,2,9,1,0,0",1483
"2,2,6,2,9,1,1,0",1484
"2,2,6,2,9,1,2,0",1485
"2,2,6,2,9,2,0,0",1486
"2,2,6,2,9,3,0,0",1487
"2,2,6,2,9,4,0,0",1488
"2,2,7,0,0,0,0,0",1489
"2,2,7,1,0,0,0,0",1490
"2,2,7,2,0,0,0,0",1491
"2,2,7,2,1,0,0,0",1492
"2,2,7,2,2,0,0,0",1493
"2,2,7,2,3,0,0,0",1494
"2,2,7,2,4,0,0,0",1495
"2,2,7,2,5,0,0,0",1496
"2,2,7,2,6,0,0,0",1497
"2,2,7,3,0,0,0,0",1498
"2,2,7,3,1,0,0,0",1499
"2,2,7,3,2,0,0,0",1500
"2,2,7,4,0,0,0,0",1501
"2,2,7,5,0,0,0,0",1502
"2,2,7,6,0,0,0,0",1503
"2,2,7,6,1,0,0,0",1504
"2,2,8,0,0,0,0,0",1505
"2,2,8,1,0,0,0,0",1506
"2,2,8,1,1,0,0,0",1507
"2,2,8,1,2,0,0,0",1508
"2,2,8,1,2,1,0,0",1509
"2,2,8,1,2,2,0,0",1510
"2,2,8,1,3,0,0,0",1511
"2,2,8,1,3,1,0,0",1512
"2,2,8,2,0,0,0,0",1513
"2,2,8,2,1,0,0,0",1514
"2,2,8,2,2,0,0,0",1515
"2,2,8,2,3,0,0,0",1516
"2,2,8,3,0,0,0,0",1517
"2,2,8,4,0,0,0,0",1518
"2,2,8,4,1,0,0,0",1519
"2,2,8,4,2,0,0,0",1520
"2,2,8,5,0,0,0,0",1521
"2,2,8,6,0,0,0,0",1522
"2,2,8,6,1,0,0,0",1523
"2,2,8,7,0,0,0,0",1524
"2,2,8,7,1,0,0,0",1525
"2,2,9,0,0,0,0,0",1526
"2,2,9,1,0,0,0,0",1527
"2,2,9,1,1,0,0,0",1528
"2,2,9,1,1,1,0,0",1529
"2,2,9,1,1,2,0,0",1530
"2,2,9,1,2,0,0,0",1531
"2,2,9,1,3,0,0,0",1532
"2,2,9,1,4,0,0,0",1533
"2,2,9,2,0,0,0,0",1534
"2,2,9,3,0,0,0,0",1535
"2,2,9,3,1,0,0,0",1536
"2,2,9,3,2,0,0,0",1537
"2,2,9,3,3,0,0,0",1538
"2,2,9,3,3,1,0,0",1539
"2,2,9,3,4,0,0,0",1540
"2,2,9,3,5,0,0,0",1541
"2,2,9,3,5,1,0,0",1542
"2,2,9,3,5,2,0,0",1543
"2,3,0,0,0,0,0,0",1544
"2,3,1,0,0,0,0,0",1545
"2,3,1,1,0,0,0,0",1546
"2,3,1,1,1,0,0,0",1547
"2,3,1,1,1,1,0,0",1548
"2,3,1,1,1,2,0,0",1549
"2,3,1,1,1,3,0,0",1550
"2,3,1,1,1,4,0,0",1551
"2,3,1,1,2,0,0,0",1552
"2,3,1,1,2,1,0,0",1553
"2,3,1,1,2,2,0,0",1554
"2,3,1,1,2,3,0,0",1555
"2,3,1,1,2,4,0,0",1556
"2,3,1,1,2,5,0,0",1557
"2,3,1,2,0,0,0,0",1558
"2,3,1,2,1,0,0,0",1559
"2,3,1,2,1,1,0,0",1560
"2,3,1,2,1,2,0,0",1561
"2,3,1,2,10,0,0,0",1562
"2,3,1,2,10,1,0,0",1563
"2,3,1,2,10,2,0,0",1564
"2,3,1,2,10,2,1,0",1565
"2,3,1,2,11,0,0,0",1566
"2,3,1,2,11,1,0,0",1567
"2,3,1,2,12,0,0,0",1568
"2,3,1,2,12,1,0,0",1569
"2,3,1,2,13,0,0,0",1570
"2,3,1,2,13,1,0,0",1571
"2,3,1,2,13,2,0,0",1572
"2,3,1,2,14,0,0,0",1573
"2,3,1,2,15,0,0,0",1574
"2,3,1,2,15,1,0,0",1575
"2,3,1,2,15,2,0,0",1576
"2,3,1,2,16,0,0,0",1577
"2,3,1,2,16,1,0,0",1578
"2,3,1,2,16,2,0,0",1579
"2,3,1,2,17,0,0,0",1580
"2,3,1,2,18,0,0,0",1581
"2,3,1,2,18,1,0,0",1582
"2,3,1,2,18,2,0,0",1583
"2,3,1,2,19,0,0,0",1584
"2,3,1,2,19,1,0,0",1585
"2,3,1,2,19,2,0,0",1586
"2,3,1,2,2,0,0,0",1587
"2,3,1,2,20,0,0,0",1588
"2,3,1,2,20,1,0,0",1589
"2,3,1,2,20,2,0,0",1590
"2,3,1,2,3,0,0,0",1591
"2,3,1,2,3,1,0,0",1592
"2,3,1,2,3,2,0,0",1593
"2,3,1,2,4,0,0,0",1594
"2,3,1,2,4,1,0,0",1595
"2,3,1,2,4,2,0,0",1596
"2,3,1,2,5,0,0,0",1597
"2,3,1,2,5,1,0,0",1598
"2,3,1,2,5,2,0,0",1599
"2,3,1,2,6,0,0,0",1600
"2,3,1,2,6,1,0,0",1601
"2,3,1,2,6,2,0,0",1602
"2,3,1,2,7,0,0,0",1603
"2,3,1,2,7,1,0,0",1604
"2,3,1,2,7,2,0,0",1605
"2,3,1,2,8,0,0,0",1606
"2,3,1,2,8,1,0,0",1607
"2,3,1,2,8,2,0,0",1608
"2,3,1,2,9,0,0,0",1609
"2,3,1,2,9,1,0,0",1610
"2,3,2,0,0,0,0,0",1611
"2,3,2,1,0,0,0,0",1612
"2,3,2,2,0,0,0,0",1613
"2,3,2,2,1,0,0,0",1614
"2,3,2,2,2,0,0,0",1615
"2,3,2,2,3,0,0,0",1616
"2,3,2,2,4,0,0,0",1617
"2,3,2,2,5,0,0,0",1618
"2,3,2,3,0,0,0,0",1619
"2,3,2,3,1,0,0,0",1620
"2,3,2,3,2,0,0,0",1621
"2,3,2,4,0,0,0,0",1622
"2,3,2,5,0,0,0,0",1623
"2,3,2,6,0,0,0,0",1624
"2,3,2,7,0,0,0,0",1625
"2,3,2,7,1,0,0,0",1626
"2,3,2,8,0,0,0,0",1627
"2,3,2,8,1,0,0,0",1628
"2,3,2,9,0,0,0,0",1629
"2,3,2,9,1,0,0,0",1630
"2,3,2,9,2,0,0,0",1631
"2,3,2,9,3,0,0,0",1632
"2,3,2,9,4,0,0,0",1633
"2,3,2,9,5,0,0,0",1634
"2,3,2,9,6,0,0,0",1635
"2,3,2,9,7,0,0,0",1636
"2,4,0,0,0,0,0,0",1637
"2,4,1,0,0,0,0,0",1638
"2,4,2,0,0,0,0,0",1639
"2,4,2,1,0,0,0,0",1640
"2,4,2,2,0,0,0,0",1641
"2,4,3,0,0,0,0,0",1642
"2,4,4,0,0,0,0,0",1643
"3,0,0,0,0,0,0,0",1644
"3,1,0,0,0,0,0,0",1645
"3,1,1,0,0,0,0,0",1646
"3,1,1,1,0,0,0,0",1647
"3,1,1,2,0,0,0,0",1648
"3,1,1,3,0,0,0,0",1649
"3,1,2,0,0,0,0,0",1650
"3,1,2,1,0,0,0,0",1651
"3,1,2,2,0,0,0,0",1652
"3,1,2,2,1,0,0,0",1653
"3,1,2,2,10,0,0,0",1654
"3,1,2,2,11,0,0,0",1655
"3,1,2,2,12,0,0,0",1656
"3,1,2,2,13,0,0,0",1657
"3,1,2,2,14,0,0,0",1658
"3,1,2,2,15,0,0,0",1659
"3,1,2,2,16,0,0,0",1660
"3,1,2,2,17,0,0,0",1661
"3,1,2,2,18,0,0,0",1662
"3,1,2,2,19,0,0,0",1663
"3,1,2,2,2,0,0,0",1664
"3,1,2,2,20,0,0,0",1665
"3,1,2,2,21,0,0,0",1666
"3,1,2,2,22,0,0,0",1667
"3,1,2,2,3,0,0,0",1668
"3,1,2,2,4,0,0,0",1669
"3,1,2,2,5,0,0,0",1670
"3,1,2,2,6,0,0,0",1671
"3,1,2,2,7,0,0,0",1672
"3,1,2,2,8,0,0,0",1673
"3,1,2,2,9,0,0,0",1674
"3,1,2,3,0,0,0,0",1675
"3,1,2,3,1,0,0,0",1676
"3,1,2,3,2,0,0,0",1677
"3,1,2,4,0,0,0,0",1678
"3,1,2,4,1,0,0,0",1679
"3,1,2,4,2,0,0,0",1680
"3,1,2,4,3,0,0,0",1681
"3,1,2,4,4,0,0,0",1682
"3,1,2,4,5,0,0,0",1683
"3,1,2,4,6,0,0,0",1684
"3,1,2,4,7,0,0,0",1685
"3,1,2,4,8,0,0,0",1686
"3,1,2,5,0,0,0,0",1687
"3,1,2,5,1,0,0,0",1688
"3,1,2,5,2,0,0,0",1689
"3,1,2,5,3,0,0,0",1690
"3,1,2,5,4,0,0,0",1691
"3,1,3,0,0,0,0,0",1692
"3,1,3,1,0,0,0,0",1693
"3,1,3,2,0,0,0,0",1694
"3,1,4,0,0,0,0,0",1695
"3,1,5,0,0,0,0,0",1696
"3,1,5,1,0,0,0,0",1697
"3,1,5,1,1,0,0,0",1698
"3,1,5,1,2,0,0,0",1699
"3,1,5,1,3,0,0,0",1700
"3,1,5,1,4,0,0,0",1701
"3,1,5,1,5,0,0,0",1702
"3,1,5,1,6,0,0,0",1703
"3,1,5,1,7,0,0,0",1704
"3,1,5,1,8,0,0,0",1705
"3,1,5,2,0,0,0,0",1706
"3,1,5,2,1,0,0,0",1707
"3,1,5,2,10,0,0,0",1708
"3,1,5,2,11,0,0,0",1709
"3,1,5,2,12,0,0,0",1710
"3,1,5,2,13,0,0,0",1711
"3,1,5,2,14,0,0,0",1712
"3,1,5,2,15,0,0,0",1713
"3,1,5,2,2,0,0,0",1714
"3,1,5,2,3,0,0,0",1715
"3,1,5,2,4,0,0,0",1716
"3,1,5,2,5,0,0,0",1717
"3,1,5,2,6,0,0,0",1718
"3,1,5,2,7,0,0,0",1719
"3,1,5,2,8,0,0,0",1720
"3,1,5,2,9,0,0,0",1721
"3,1,5,3,0,0,0,0",1722
"3,1,5,3,1,0,0,0",1723
"3,1,5,4,0,0,0,0",1724
"3,1,5,4,1,0,0,0",1725
"3,1,5,5,0,0,0,0",1726
"3,1,5,5,1,0,0,0",1727
"3,1,6,0,0,0,0,0",1728
"3,2,0,0,0,0,0,0",1729
"3,2,1,0,0,0,0,0",1730
"3,2,1,1,0,0,0,0",1731
"3,2,1,1,1,0,0,0",1732
"3,2,1,1,2,0,0,0",1733
"3,2,1,1,3,0,0,0",1734
"3,2,1,1,3,1,0,0",1735
"3,2,1,1,3,2,0,0",1736
"3,2,1,1,4,0,0,0",1737
"3,2,1,1,5,0,0,0",1738
"3,2,1,1,6,0,0,0",1739
"3,2,1,1,7,0,0,0",1740
"3,2,1,1,8,0,0,0",1741
"3,2,1,1,8,1,0,0",1742
"3,2,1,1,8,1,1,0",1743
"3,2,1,1,8,1,2,0",1744
"3,2,1,1,8,1,3,0",1745
"3,2,1,1,8,1,4,0",1746
"3,2,1,1,8,1,5,0",1747
"3,2,1,1,8,1,6,0",1748
"3,2,1,1,8,2,0,0",1749
"3,2,1,1,8,2,1,0",1750
"3,2,1,1,8,3,0,0",1751
"3,2,1,1,8,4,0,0",1752
"3,2,1,1,8,4,1,0",1753
"3,2,1,1,8,5,0,0",1754
"3,2,1,1,9,0,0,0",1755
"3,2,1,10,0,0,0,0",1756
"3,2,1,10,1,0,0,0",1757
"3,2,1,10,1,1,0,0",1758
"3,2,1,10,2,0,0,0",1759
"3,2,1,10,3,0,0,0",1760
"3,2,1,10,3,1,0,0",1761
"3,2,1,10,3,2,0,0",1762
"3,2,1,10,4,0,0,0",1763
"3,2,1,10,5,0,0,0",1764
"3,2,1,11,0,0,0,0",1765
"3,2,1,11,1,0,0,0",1766
"3,2,1,11,1,1,0,0",1767
"3,2,1,11,1,2,0,0",1768
"3,2,1,11,2,0,0,0",1769
"3,2,1,11,3,0,0,0",1770
"3,2,1,12,0,0,0,0",1771
"3,2,1,12,1,0,0,0",1772
"3,2,1,12,2,0,0,0",1773
"3,2,1,13,0,0,0,0",1774
"3,2,1,13,1,0,0,0",1775
"3,2,1,13,1,1,0,0",1776
"3,2,1,13,2,0,0,0",1777
"3,2,1,13,2,1,0,0",1778
"3,2,1,13,2,2,0,0",1779
"3,2,1,13,2,2,1,0",1780
"3,2,1,13,2,2,2,0",1781
"3,2,1,14,0,0,0,0",1782
"3,2,1,14,1,0,0,0",1783
"3,2,1,14,1,1,0,0",1784
"3,2,1,14,1,2,0,0",1785
"3,2,1,14,2,0,0,0",1786
"3,2,1,14,2,1,0,0",1787
"3,2,1,14,2,2,0,0",1788
"3,2,1,15,0,0,0,0",1789
"3,2,1,15,1,0,0,0",1790
"3,2,1,15,2,0,0,0",1791
"3,2,1,15,2,1,0,0",1792
"3,2,1,15,3,0,0,0",1793
"3,2,1,15,4,0,0,0",1794
"3,2,1,15,5,0,0,0",1795
"3,2,1,15,6,0,0,0",1796
"3,2,1,16,0,0,0,0",1797
"3,2,1,16,1,0,0,0",1798
"3,2,1,16,1,1,0,0",1799
"3,2,1,16,1,2,0,0",1800
"3,2,1,16,1,3,0,0",1801
"3,2,1,16,2,0,0,0",1802
"3,2,1,16,2,1,0,0",1803
"3,2,1,16,3,0,0,0",1804
"3,2,1,16,3,1,0,0",1805
"3,2,1,16,3,2,0,0",1806
"3,2,1,16,3,2,1,0",1807
"3,2,1,16,4,0,0,0",1808
"3,2,1,16,4,1,0,0",1809
"3,2,1,16,4,2,0,0",1810
"3,2,1,16,4,3,0,0",1811
"3,2,1,16,4,4,0,0",1812
"3,2,1,17,0,0,0,0",1813
"3,2,1,17,1,0,0,0",1814
"3,2,1,17,1,1,0,0",1815
"3,2,1,17,1,2,0,0",1816
"3,2,1,17,1,3,0,0",1817
"3,2,1,17,1,4,0,0",1818
"3,2,1,17,1,5,0,0",1819
"3,2,1,17,1,6,0,0",1820
"3,2,1,17,1,6,1,0",1821
"3,2,1,17,1,7,0,0",1822
"3,2,1,17,1,8,0,0",1823
"3,2,1,17,2,0,0,0",1824
"3,2,1,17,2,1,0,0",1825
"3,2,1,17,3,0,0,0",1826
"3,2,1,17,4,0,0,0",1827
"3,2,1,18,0,0,0,0",1828
"3,2,1,18,1,0,0,0",1829
"3,2,1,18,2,0,0,0",1830
"3,2,1,18,2,1,0,0",1831
"3,2,1,18,2,2,0,0",1832
"3,2,1,19,0,0,0,0",1833
"3,2,1,19,1,0,0,0",1834
"3,2,1,19,1,1,0,0",1835
"3,2,1,19,1,2,0,0",1836
"3,2,1,19,1,2,1,0",1837
"3,2,1,19,1,2,2,0",1838
"3,2,1,19,1,2,3,0",1839
"3,2,1,19,1,2,3,1",1840
"3,2,1,19,1,2,3,2",1841
"3,2,1,19,1,2,4,0",1842
"3,2,1,19,1,2,4,1",1843
"3,2,1,19,1,2,5,0",1844
"3,2,1,19,1,2,6,0",1845
"3,2,1,19,1,3,0,0",1846
"3,2,1,19,2,0,0,0",1847
"3,2,1,19,2,1,0,0",1848
"3,2,1,19,2,1,1,0",1849
"3,2,1,19,2,1,2,0",1850
"3,2,1,19,2,2,0,0",1851
"3,2,1,19,2,2,1,0",1852
"3,2,1,19,2,2,1,1",1853
"3,2,1,19,2,2,2,0",1854
"3,2,1,19,2,3,0,0",1855
"3,2,1,19,2,3,1,0",1856
"3,2,1,19,2,3,2,0",1857
"3,2,1,19,2,3,3,0",1858
"3,2,1,19,2,4,0,0",1859
"3,2,1,19,2,4,1,0",1860
"3,2,1,19,2,4,2,0",1861
"3,2,1,19,2,4,3,0",1862
"3,2,1,19,2,5,0,0",1863
"3,2,1,19,2,6,0,0",1864
"3,2,1,19,2,6,1,0",1865
"3,2,1,19,2,6,2,0",1866
"3,2,1,19,2,7,0,0",1867
"3,2,1,19,2,7,1,0",1868
"3,2,1,19,2,7,2,0",1869
"3,2,1,19,2,7,3,0",1870
"3,2,1,19,2,8,0,0",1871
"3,2,1,19,2,8,1,0",1872
"3,2,1,19,2,8,2,0",1873
"3,2,1,19,3,0,0,0",1874
"3,2,1,2,0,0,0,0",1875
"3,2,1,2,1,0,0,0",1876
"3,2,1,2,2,0,0,0",1877
"3,2,1,2,3,0,0,0",1878
"3,2,1,2,3,1,0,0",1879
"3,2,1,2,3,2,0,0",1880
"3,2,1,2,3,3,0,0",1881
"3,2,1,2,3,4,0,0",1882
"3,2,1,2,3,5,0,0",1883
"3,2,1,2,3,6,0,0",1884
"3,2,1,2,3,7,0,0",1885
"3,2,1,2,3,8,0,0",1886
"3,2,1,20,0,0,0,0",1887
"3,2,1,20,1,0,0,0",1888
"3,2,1,20,1,1,0,0",1889
"3,2,1,20,1,2,0,0",1890
"3,2,1,20,1,3,0,0",1891
"3,2,1,20,1,4,0,0",1892
"3,2,1,20,2,0,0,0",1893
"3,2,1,20,2,1,0,0",1894
"3,2,1,20,2,2,0,0",1895
"3,2,1,20,3,0,0,0",1896
"3,2,1,20,4,0,0,0",1897
"3,2,1,20,4,1,0,0",1898
"3,2,1,20,4,2,0,0",1899
"3,2,1,20,4,3,0,0",1900
"3,2,1,20,4,4,0,0",1901
"3,2,1,20,4,5,0,0",1902
"3,2,1,21,0,0,0,0",1903
"3,2,1,21,1,0,0,0",1904
"3,2,1,21,2,0,0,0",1905
"3,2,1,21,2,1,0,0",1906
"3,2,1,22,0,0,0,0",1907
"3,2,1,22,1,0,0,0",1908
"3,2,1,22,2,0,0,0",1909
"3,2,1,23,0,0,0,0",1910
"3,2,1,23,1,0,0,0",1911
"3,2,1,23,2,0,0,0",1912
"3,2,1,23,2,1,0,0",1913
"3,2,1,23,2,2,0,0",1914
"3,2,1,23,3,0,0,0",1915
"3,2,1,23,3,1,0,0",1916
"3,2,1,24,0,0,0,0",1917
"3,2,1,24,1,0,0,0",1918
"3,2,1,24,2,0,0,0",1919
"3,2,1,24,2,1,0,0",1920
"3,2,1,24,3,0,0,0",1921
"3,2,1,24,3,1,0,0",1922
"3,2,1,24,3,2,0,0",1923
"3,2,1,25,0,0,0,0",1924
"3,2,1,25,1,0,0,0",1925
"3,2,1,25,1,1,0,0",1926
"3,2,1,25,1,1,1,0",1927
"3,2,1,25,1,2,0,0",1928
"3,2,1,25,2,0,0,0",1929
"3,2,1,25,2,1,0,0",1930
"3,2,1,25,2,1,1,0",1931
"3,2,1,25,2,1,1,1",1932
"3,2,1,25,2,2,0,0",1933
"3,2,1,25,2,3,0,0",1934
"3,2,1,26,0,0,0,0",1935
"3,2,1,27,0,0,0,0",1936
"3,2,1,27,1,0,0,0",1937
"3,2,1,27,2,0,0,0",1938
"3,2,1,28,0,0,0,0",1939
"3,2,1,28,1,0,0,0",1940
"3,2,1,28,1,1,0,0",1941
"3,2,1,28,1,2,0,0",1942
"3,2,1,28,2,0,0,0",1943
"3,2,1,28,2,1,0,0",1944
"3,2,1,28,2,2,0,0",1945
"3,2,1,28,2,3,0,0",1946
"3,2,1,28,2,4,0,0",1947
"3,2,1,28,3,0,0,0",1948
"3,2,1,28,3,1,0,0",1949
"3,2,1,28,3,1,1,0",1950
"3,2,1,28,3,2,0,0",1951
"3,2,1,28,3,3,0,0",1952
"3,2,1,28,4,0,0,0",1953
"3,2,1,28,4,1,0,0",1954
"3,2,1,28,4,2,0,0",1955
"3,2,1,28,5,0,0,0",1956
"3,2,1,28,5,1,0,0",1957
"3,2,1,28,5,2,0,0",1958
"3,2,1,28,5,3,0,0",1959
"3,2,1,28,5,4,0,0",1960
"3,2,1,28,6,0,0,0",1961
"3,2,1,28,7,0,0,0",1962
"3,2,1,28,8,0,0,0",1963
"3,2,1,28,8,1,0,0",1964
"3,2,1,28,8,2,0,0",1965
"3,2,1,28,9,0,0,0",1966
"3,2,1,28,9,1,0,0",1967
"3,2,1,28,9,2,0,0",1968
"3,2,1,28,9,2,1,0",1969
"3,2,1,28,9,3,0,0",1970
"3,2,1,28,9,4,0,0",1971
"3,2,1,28,9,5,0,0",1972
"3,2,1,28,9,5,1,0",1973
"3,2,1,28,9,5,2,0",1974
"3,2,1,28,9,6,0,0",1975
"3,2,1,28,9,7,0,0",1976
"3,2,1,28,9,8,0,0",1977
"3,2,1,28,9,9,0,0",1978
"3,2,1,29,0,0,0,0",1979
"3,2,1,29,1,0,0,0",1980
"3,2,1,3,0,0,0,0",1981
"3,2,1,3,1,0,0,0",1982
"3,2,1,3,10,0,0,0",1983
"3,2,1,3,11,0,0,0",1984
"3,2,1,3,12,0,0,0",1985
"3,2,1,3,12,1,0,0",1986
"3,2,1,3,12,1,1,0",1987
"3,2,1,3,12,1,2,0",1988
"3,2,1,3,12,1,3,0",1989
"3,2,1,3,12,2,0,0",1990
"3,2,1,3,12,3,0,0",1991
"3,2,1,3,2,0,0,0",1992
"3,2,1,3,2,1,0,0",1993
"3,2,1,3,2,2,0,0",1994
"3,2,1,3,3,0,0,0",1995
"3,2,1,3,3,1,0,0",1996
"3,2,1,3,3,2,0,0",1997
"3,2,1,3,4,0,0,0",1998
"3,2,1,3,5,0,0,0",1999
"3,2,1,3,5,1,0,0",2000
"3,2,1,3,6,0,0,0",2001
"3,2,1,3,6,1,0,0",2002
"3,2,1,3,7,0,0,0",2003
"3,2,1,3,7,1,0,0",2004
"3,2,1,3,8,0,0,0",2005
"3,2,1,3,9,0,0,0",2006
"3,2,1,30,0,0,0,0",2007
"3,2,1,30,1,0,0,0",2008
"3,2,1,30,2,0,0,0",2009
"3,2,1,30,3,0,0,0",2010
"3,2,1,30,3,1,0,0",2011
"3,2,1,30,3,2,0,0",2012
"3,2,1,30,3,2,1,0",2013
"3,2,1,30,3,2,2,0",2014
"3,2,1,30,3,2,3,0",2015
"3,2,1,30,3,3,0,0",2016
"3,2,1,30,3,4,0,0",2017
"3,2,1,30,3,5,0,0",2018
"3,2,1,30,3,6,0,0",2019
"3,2,1,30,3,7,0,0",2020
"3,2,1,30,4,0,0,0",2021
"3,2,1,31,0,0,0,0",2022
"3,2,1,31,1,0,0,0",2023
"3,2,1,31,1,1,0,0",2024
"3,2,1,31,1,1,1,0",2025
"3,2,1,31,1,1,2,0",2026
"3,2,1,31,2,0,0,0",2027
"3,2,1,31,2,1,0,0",2028
"3,2,1,31,2,2,0,0",2029
"3,2,1,31,2,3,0,0",2030
"3,2,1,31,2,3,1,0",2031
"3,2,1,31,2,4,0,0",2032
"3,2,1,31,2,4,1,0",2033
"3,2,1,31,2,5,0,0",2034
"3,2,1,31,2,5,1,0",2035
"3,2,1,31,2,6,0,0",2036
"3,2,1,31,2,7,0,0",2037
"3,2,1,4,0,0,0,0",2038
"3,2,1,4,1,0,0,0",2039
"3,2,1,4,1,1,0,0",2040
"3,2,1,4,1,2,0,0",2041
"3,2,1,4,1,3,0,0",2042
"3,2,1,4,1,4,0,0",2043
"3,2,1,4,1,5,0,0",2044
"3,2,1,4,1,6,0,0",2045
"3,2,1,4,1,7,0,0",2046
"3,2,1,4,2,0,0,0",2047
"3,2,1,4,2,1,0,0",2048
"3,2,1,4,2,2,0,0",2049
"3,2,1,4,2,2,1,0",2050
"3,2,1,4,2,2,2,0",2051
"3,2,1,4,2,2,3,0",2052
"3,2,1,4,2,3,0,0",2053
"3,2,1,4,2,4,0,0",2054
"3,2,1,4,2,5,0,0",2055
"3,2,1,5,0,0,0,0",2056
"3,2,1,5,1,0,0,0",2057
"3,2,1,5,1,1,0,0",2058
"3,2,1,5,2,0,0,0",2059
"3,2,1,5,2,1,0,0",2060
"3,2,1,5,2,1,1,0",2061
"3,2,1,5,2,2,0,0",2062
"3,2,1,5,2,2,1,0",2063
"3,2,1,5,2,2,2,0",2064
"3,2,1,6,0,0,0,0",2065
"3,2,1,7,0,0,0,0",2066
"3,2,1,7,1,0,0,0",2067
"3,2,1,7,2,0,0,0",2068
"3,2,1,8,0,0,0,0",2069
"3,2,1,8,1,0,0,0",2070
"3,2,1,8,1,1,0,0",2071
"3,2,1,8,1,1,1,0",2072
"3,2,1,8,1,1,2,0",2073
"3,2,1,8,1,1,3,0",2074
"3,2,1,8,1,1,4,0",2075
"3,2,1,8,1,1,5,0",2076
"3,2,1,8,1,1,6,0",2077
"3,2,1,8,1,2,0,0",2078
"3,2,1,8,1,2,1,0",2079
"3,2,1,8,1,2,2,0",2080
"3,2,1,8,1,2,3,0",2081
"3,2,1,8,1,2,4,0",2082
"3,2,1,8,1,2,4,1",2083
"3,2,1,8,1,2,4,2",2084
"3,2,1,8,1,2,4,3",2085
"3,2,1,8,1,3,0,0",2086
"3,2,1,8,1,3,1,0",2087
"3,2,1,8,1,3,2,0",2088
"3,2,1,8,1,3,3,0",2089
"3,2,1,8,1,3,3,1",2090
"3,2,1,8,2,0,0,0",2091
"3,2,1,8,2,1,0,0",2092
"3,2,1,8,2,10,0,0",2093
"3,2,1,8,2,11,0,0",2094
"3,2,1,8,2,2,0,0",2095
"3,2,1,8,2,2,1,0",2096
"3,2,1,8,2,2,2,0",2097
"3,2,1,8,2,2,3,0",2098
"3,2,1,8,2,3,0,0",2099
"3,2,1,8,2,3,1,0",2100
"3,2,1,8,2,3,2,0",2101
"3,2,1,8,2,3,3,0",2102
"3,2,1,8,2,3,4,0",2103
"3,2,1,8,2,3,5,0",2104
"3,2,1,8,2,3,6,0",2105
"3,2,1,8,2,3,7,0",2106
"3,2,1,8,2,3,8,0",2107
"3,2,1,8,2,4,0,0",2108
"3,2,1,8,2,4,1,0",2109
"3,2,1,8,2,4,2,0",2110
"3,2,1,8,2,4,3,0",2111
"3,2,1,8,2,4,4,0",2112
"3,2,1,8,2,4,5,0",2113
"3,2,1,8,2,4,5,1",2114
"3,2,1,8,2,5,0,0",2115
"3,2,1,8,2,5,1,0",2116
"3,2,1,8,2,5,2,0",2117
"3,2,1,8,2,5,2,1",2118
"3,2,1,8,2,5,3,0",2119
"3,2,1,8,2,5,4,0",2120
"3,2,1,8,2,6,0,0",2121
"3,2,1,8,2,7,0,0",2122
"3,2,1,8,2,7,1,0",2123
"3,2,1,8,2,7,2,0",2124
"3,2,1,8,2,7,3,0",2125
"3,2,1,8,2,7,3,1",2126
"3,2,1,8,2,7,4,0",2127
"3,2,1,8,2,7,5,0",2128
"3,2,1,8,2,7,6,0",2129
"3,2,1,8,2,7,7,0",2130
"3,2,1,8,2,7,8,0",2131
"3,2,1,8,2,7,9,0",2132
"3,2,1,8,2,7,9,1",2133
"3,2,1,8,2,7,9,2",2134
"3,2,1,8,2,8,0,0",2135
"3,2,1,8,2,8,1,0",2136
"3,2,1,8,2,8,2,0",2137
"3,2,1,8,2,8,2,1",2138
"3,2,1,8,2,8,2,2",2139
"3,2,1,8,2,8,2,3",2140
"3,2,1,8,2,8,3,0",2141
"3,2,1,8,2,8,3,1",2142
"3,2,1,8,2,8,4,0",2143
"3,2,1,8,2,8,4,1",2144
"3,2,1,8,2,8,5,0",2145
"3,2,1,8,2,8,6,0",2146
"3,2,1,8,2,9,0,0",2147
"3,2,1,8,2,9,1,0",2148
"3,2,1,8,2,9,2,0",2149
"3,2,1,8,2,9,2,1",2150
"3,2,1,9,0,0,0,0",2151
"3,2,1,9,1,0,0,0",2152
"3,2,1,9,1,1,0,0",2153
"3,2,1,9,2,0,0,0",2154
"3,2,2,0,0,0,0,0",2155
"3,2,2,1,0,0,0,0",2156
"3,2,2,1,1,0,0,0",2157
"3,2,2,1,1,1,0,0",2158
"3,2,2,1,1,1,1,0",2159
"3,2,2,1,1,1,2,0",2160
"3,2,2,1,1,1,3,0",2161
"3,2,2,1,1,1,4,0",2162
"3,2,2,1,1,1,5,0",2163
"3,2,2,1,1,2,0,0",2164
"3,2,2,1,1,2,1,0",2165
"3,2,2,1,1,2,2,0",2166
"3,2,2,1,1,2,3,0",2167
"3,2,2,1,1,2,4,0",2168
"3,2,2,1,1,3,0,0",2169
"3,2,2,1,1,3,1,0",2170
"3,2,2,1,1,3,2,0",2171
"3,2,2,1,1,3,3,0",2172
"3,2,2,1,2,0,0,0",2173
"3,2,2,1,2,1,0,0",2174
"3,2,2,1,2,1,1,0",2175
"3,2,2,1,2,1,2,0",2176
"3,2,2,1,2,10,0,0",2177
"3,2,2,1,2,2,0,0",2178
"3,2,2,1,2,3,0,0",2179
"3,2,2,1,2,3,1,0",2180
"3,2,2,1,2,3,2,0",2181
"3,2,2,1,2,3,3,0",2182
"3,2,2,1,2,4,0,0",2183
"3,2,2,1,2,4,1,0",2184
"3,2,2,1,2,4,2,0",2185
"3,2,2,1,2,4,3,0",2186
"3,2,2,1,2,4,4,0",2187
"3,2,2,1,2,4,5,0",2188
"3,2,2,1,2,5,0,0",2189
"3,2,2,1,2,5,1,0",2190
"3,2,2,1,2,5,2,0",2191
"3,2,2,1,2,5,3,0",2192
"3,2,2,1,2,5,4,0",2193
"3,2,2,1,2,6,0,0",2194
"3,2,2,1,2,7,0,0",2195
"3,2,2,1,2,7,1,0",2196
"3,2,2,1,2,7,2,0",2197
"3,2,2,1,2,7,3,0",2198
"3,2,2,1,2,7,4,0",2199
"3,2,2,1,2,7,5,0",2200
"3,2,2,1,2,7,6,0",2201
"3,2,2,1,2,8,0,0",2202
"3,2,2,1,2,8,1,0",2203
"3,2,2,1,2,8,2,0",2204
"3,2,2,1,2,8,3,0",2205
"3,2,2,1,2,8,4,0",2206
"3,2,2,1,2,8,5,0",2207
"3,2,2,1,2,8,6,0",2208
"3,2,2,1,2,9,0,0",2209
"3,2,2,1,2,9,1,0",2210
"3,2,2,1,2,9,2,0",2211
"3,2,2,1,3,0,0,0",2212
"3,2,2,1,3,1,0,0",2213
"3,2,2,1,3,1,1,0",2214
"3,2,2,10,0,0,0,0",2215
"3,2,2,10,1,0,0,0",2216
"3,2,2,10,2,0,0,0",2217
"3,2,2,10,3,0,0,0",2218
"3,2,2,10,3,1,0,0",2219
"3,2,2,10,3,2,0,0",2220
"3,2,2,10,4,0,0,0",2221
"3,2,2,10,5,0,0,0",2222
"3,2,2,11,0,0,0,0",2223
"3,2,2,11,1,0,0,0",2224
"3,2,2,11,2,0,0,0",2225
"3,2,2,11,3,0,0,0",2226
"3,2,2,12,0,0,0,0",2227
"3,2,2,12,1,0,0,0",2228
"3,2,2,12,2,0,0,0",2229
"3,2,2,13,0,0,0,0",2230
"3,2,2,13,1,0,0,0",2231
"3,2,2,14,0,0,0,0",2232
"3,2,2,14,1,0,0,0",2233
"3,2,2,14,1,1,0,0",2234
"3,2,2,14,2,0,0,0",2235
"3,2,2,14,2,1,0,0",2236
"3,2,2,14,2,1,1,0",2237
"3,2,2,14,2,1,2,0",2238
"3,2,2,15,0,0,0,0",2239
"3,2,2,15,1,0,0,0",2240
"3,2,2,15,1,1,0,0",2241
"3,2,2,15,1,2,0,0",2242
"3,2,2,15,2,0,0,0",2243
"3,2,2,15,2,1,0,0",2244
"3,2,2,15,2,2,0,0",2245
"3,2,2,16,0,0,0,0",2246
"3,2,2,16,1,0,0,0",2247
"3,2,2,16,2,0,0,0",2248
"3,2,2,16,3,0,0,0",2249
"3,2,2,16,4,0,0,0",2250
"3,2,2,16,5,0,0,0",2251
"3,2,2,16,6,0,0,0",2252
"3,2,2,17,0,0,0,0",2253
"3,2,2,17,1,0,0,0",2254
"3,2,2,17,1,1,0,0",2255
"3,2,2,17,1,2,0,0",2256
"3,2,2,17,1,3,0,0",2257
"3,2,2,17,2,0,0,0",2258
"3,2,2,17,2,1,0,0",2259
"3,2,2,17,3,0,0,0",2260
"3,2,2,17,3,1,0,0",2261
"3,2,2,17,3,2,0,0",2262
"3,2,2,17,4,0,0,0",2263
"3,2,2,17,4,1,0,0",2264
"3,2,2,17,4,2,0,0",2265
"3,2,2,17,4,3,0,0",2266
"3,2,2,17,4,4,0,0",2267
"3,2,2,18,0,0,0,0",2268
"3,2,2,18,1,0,0,0",2269
"3,2,2,18,1,1,0,0",2270
"3,2,2,18,1,2,0,0",2271
"3,2,2,18,1,3,0,0",2272
"3,2,2,18,1,4,0,0",2273
"3,2,2,18,1,5,0,0",2274
"3,2,2,18,2,0,0,0",2275
"3,2,2,18,3,0,0,0",2276
"3,2,2,18,4,0,0,0",2277
"3,2,2,19,0,0,0,0",2278
"3,2,2,19,1,0,0,0",2279
"3,2,2,19,2,0,0,0",2280
"3,2,2,19,2,1,0,0",2281
"3,2,2,19,2,2,0,0",2282
"3,2,2,2,0,0,0,0",2283
"3,2,2,2,1,0,0,0",2284
"3,2,2,2,2,0,0,0",2285
"3,2,2,2,3,0,0,0",2286
"3,2,2,2,4,0,0,0",2287
"3,2,2,2,5,0,0,0",2288
"3,2,2,20,0,0,0,0",2289
"3,2,2,20,1,0,0,0",2290
"3,2,2,20,1,1,0,0",2291
"3,2,2,20,1,2,0,0",2292
"3,2,2,20,1,2,1,0",2293
"3,2,2,20,1,2,2,0",2294
"3,2,2,20,1,2,3,0",2295
"3,2,2,20,1,2,4,0",2296
"3,2,2,20,1,2,5,0",2297
"3,2,2,20,1,2,6,0",2298
"3,2,2,20,1,3,0,0",2299
"3,2,2,20,2,0,0,0",2300
"3,2,2,20,2,1,0,0",2301
"3,2,2,20,2,1,1,0",2302
"3,2,2,20,2,1,2,0",2303
"3,2,2,20,2,2,0,0",2304
"3,2,2,20,2,2,1,0",2305
"3,2,2,20,2,2,2,0",2306
"3,2,2,20,2,3,0,0",2307
"3,2,2,20,2,3,1,0",2308
"3,2,2,20,2,3,2,0",2309
"3,2,2,20,2,3,3,0",2310
"3,2,2,20,2,4,0,0",2311
"3,2,2,20,2,4,1,0",2312
"3,2,2,20,2,4,2,0",2313
"3,2,2,20,2,4,3,0",2314
"3,2,2,20,2,5,0,0",2315
"3,2,2,20,2,6,0,0",2316
"3,2,2,20,2,6,1,0",2317
"3,2,2,20,2,6,2,0",2318
"3,2,2,20,2,7,0,0",2319
"3,2,2,20,2,7,1,0",2320
"3,2,2,20,2,7,2,0",2321
"3,2,2,20,2,7,3,0",2322
"3,2,2,20,2,8,0,0",2323
"3,2,2,20,2,8,1,0",2324
"3,2,2,20,2,8,2,0",2325
"3,2,2,20,3,0,0,0",2326
"3,2,2,21,0,0,0,0",2327
"3,2,2,21,1,0,0,0",2328
"3,2,2,21,2,0,0,0",2329
"3,2,2,21,3,0,0,0",2330
"3,2,2,21,4,0,0,0",2331
"3,2,2,22,0,0,0,0",2332
"3,2,2,22,1,0,0,0",2333
"3,2,2,22,2,0,0,0",2334
"3,2,2,23,0,0,0,0",2335
"3,2,2,23,1,0,0,0",2336
"3,2,2,23,2,0,0,0",2337
"3,2,2,24,0,0,0,0",2338
"3,2,2,24,1,0,0,0",2339
"3,2,2,24,2,0,0,0",2340
"3,2,2,24,2,1,0,0",2341
"3,2,2,24,2,2,0,0",2342
"3,2,2,24,3,0,0,0",2343
"3,2,2,25,0,0,0,0",2344
"3,2,2,25,1,0,0,0",2345
"3,2,2,25,2,0,0,0",2346
"3,2,2,25,3,0,0,0",2347
"3,2,2,26,0,0,0,0",2348
"3,2,2,26,1,0,0,0",2349
"3,2,2,26,1,1,0,0",2350
"3,2,2,26,1,2,0,0",2351
"3,2,2,26,2,0,0,0",2352
"3,2,2,26,2,1,0,0",2353
"3,2,2,26,2,1,1,0",2354
"3,2,2,26,2,2,0,0",2355
"3,2,2,26,2,3,0,0",2356
"3,2,2,27,0,0,0,0",2357
"3,2,2,28,0,0,0,0",2358
"3,2,2,28,1,0,0,0",2359
"3,2,2,28,2,0,0,0",2360
"3,2,2,29,0,0,0,0",2361
"3,2,2,29,1,0,0,0",2362
"3,2,2,29,1,1,0,0",2363
"3,2,2,29,1,2,0,0",2364
"3,2,2,29,2,0,0,0",2365
"3,2,2,29,2,1,0,0",2366
"3,2,2,29,2,2,0,0",2367
"3,2,2,29,2,3,0,0",2368
"3,2,2,29,2,4,0,0",2369
"3,2,2,29,3,0,0,0",2370
"3,2,2,29,3,1,0,0",2371
"3,2,2,29,3,2,0,0",2372
"3,2,2,29,3,3,0,0",2373
"3,2,2,29,4,0,0,0",2374
"3,2,2,29,5,0,0,0",2375
"3,2,2,29,5,1,0,0",2376
"3,2,2,29,5,2,0,0",2377
"3,2,2,29,5,3,0,0",2378
"3,2,2,29,5,4,0,0",2379
"3,2,2,29,6,0,0,0",2380
"3,2,2,29,7,0,0,0",2381
"3,2,2,29,8,0,0,0",2382
"3,2,2,29,8,1,0,0",2383
"3,2,2,29,8,2,0,0",2384
"3,2,2,29,9,0,0,0",2385
"3,2,2,29,9,1,0,0",2386
"3,2,2,29,9,2,0,0",2387
"3,2,2,29,9,3,0,0",2388
"3,2,2,29,9,4,0,0",2389
"3,2,2,29,9,5,0,0",2390
"3,2,2,29,9,6,0,0",2391
"3,2,2,29,9,7,0,0",2392
"3,2,2,29,9,8,0,0",2393
"3,2,2,29,9,9,0,0",2394
"3,2,2,3,0,0,0,0",2395
"3,2,2,3,1,0,0,0",2396
"3,2,2,3,2,0,0,0",2397
"3,2,2,3,3,0,0,0",2398
"3,2,2,3,3,1,0,0",2399
"3,2,2,3,3,2,0,0",2400
"3,2,2,3,3,3,0,0",2401
"3,2,2,3,3,4,0,0",2402
"3,2,2,3,3,5,0,0",2403
"3,2,2,3,3,6,0,0",2404
"3,2,2,3,3,7,0,0",2405
"3,2,2,3,3,8,0,0",2406
"3,2,2,30,0,0,0,0",2407
"3,2,2,31,0,0,0,0",2408
"3,2,2,31,1,0,0,0",2409
"3,2,2,31,2,0,0,0",2410
"3,2,2,31,3,0,0,0",2411
"3,2,2,31,3,1,0,0",2412
"3,2,2,31,3,2,0,0",2413
"3,2,2,31,3,2,1,0",2414
"3,2,2,31,3,2,2,0",2415
"3,2,2,31,3,2,3,0",2416
"3,2,2,31,3,3,0,0",2417
"3,2,2,31,3,4,0,0",2418
"3,2,2,31,3,5,0,0",2419
"3,2,2,31,3,6,0,0",2420
"3,2,2,31,3,7,0,0",2421
"3,2,2,31,4,0,0,0",2422
"3,2,2,32,0,0,0,0",2423
"3,2,2,32,1,0,0,0",2424
"3,2,2,33,0,0,0,0",2425
"3,2,2,33,1,0,0,0",2426
"3,2,2,33,1,1,0,0",2427
"3,2,2,33,2,0,0,0",2428
"3,2,2,33,2,1,0,0",2429
"3,2,2,33,2,2,0,0",2430
"3,2,2,33,2,3,0,0",2431
"3,2,2,33,2,4,0,0",2432
"3,2,2,33,2,5,0,0",2433
"3,2,2,33,2,6,0,0",2434
"3,2,2,4,0,0,0,0",2435
"3,2,2,4,1,0,0,0",2436
"3,2,2,4,1,1,0,0",2437
"3,2,2,4,1,2,0,0",2438
"3,2,2,4,10,0,0,0",2439
"3,2,2,4,11,0,0,0",2440
"3,2,2,4,12,0,0,0",2441
"3,2,2,4,2,0,0,0",2442
"3,2,2,4,3,0,0,0",2443
"3,2,2,4,3,1,0,0",2444
"3,2,2,4,3,2,0,0",2445
"3,2,2,4,4,0,0,0",2446
"3,2,2,4,5,0,0,0",2447
"3,2,2,4,6,0,0,0",2448
"3,2,2,4,7,0,0,0",2449
"3,2,2,4,8,0,0,0",2450
"3,2,2,4,9,0,0,0",2451
"3,2,2,5,0,0,0,0",2452
"3,2,2,5,1,0,0,0",2453
"3,2,2,5,1,1,0,0",2454
"3,2,2,5,1,2,0,0",2455
"3,2,2,5,1,3,0,0",2456
"3,2,2,5,1,4,0,0",2457
"3,2,2,5,1,5,0,0",2458
"3,2,2,5,2,0,0,0",2459
"3,2,2,5,2,1,0,0",2460
"3,2,2,5,2,2,0,0",2461
"3,2,2,5,2,3,0,0",2462
"3,2,2,5,2,4,0,0",2463
"3,2,2,5,2,5,0,0",2464
"3,2,2,6,0,0,0,0",2465
"3,2,2,6,1,0,0,0",2466
"3,2,2,6,2,0,0,0",2467
"3,2,2,6,2,1,0,0",2468
"3,2,2,6,2,2,0,0",2469
"3,2,2,7,0,0,0,0",2470
"3,2,2,8,0,0,0,0",2471
"3,2,2,8,1,0,0,0",2472
"3,2,2,8,2,0,0,0",2473
"3,2,2,9,0,0,0,0",2474
"3,2,2,9,1,0,0,0",2475
"3,2,2,9,2,0,0,0",2476
"3,2,3,0,0,0,0,0",2477
"3,2,3,1,0,0,0,0",2478
"3,2,3,1,1,0,0,0",2479
"3,2,3,1,2,0,0,0",2480
"3,2,3,1,3,0,0,0",2481
"3,2,3,1,4,0,0,0",2482
"3,2,3,10,0,0,0,0",2483
"3,2,3,10,1,0,0,0",2484
"3,2,3,10,1,1,0,0",2485
"3,2,3,10,2,0,0,0",2486
"3,2,3,11,0,0,0,0",2487
"3,2,3,11,1,0,0,0",2488
"3,2,3,11,1,1,0,0",2489
"3,2,3,11,1,2,0,0",2490
"3,2,3,11,1,3,0,0",2491
"3,2,3,11,2,0,0,0",2492
"3,2,3,11,3,0,0,0",2493
"3,2,3,11,3,1,0,0",2494
"3,2,3,11,3,1,1,0",2495
"3,2,3,11,3,2,0,0",2496
"3,2,3,11,3,2,1,0",2497
"3,2,3,11,4,0,0,0",2498
"3,2,3,11,5,0,0,0",2499
"3,2,3,12,0,0,0,0",2500
"3,2,3,12,1,0,0,0",2501
"3,2,3,12,1,1,0,0",2502
"3,2,3,12,1,2,0,0",2503
"3,2,3,12,2,0,0,0",2504
"3,2,3,12,3,0,0,0",2505
"3,2,3,12,3,1,0,0",2506
"3,2,3,13,0,0,0,0",2507
"3,2,3,13,1,0,0,0",2508
"3,2,3,13,2,0,0,0",2509
"3,2,3,14,0,0,0,0",2510
"3,2,3,14,1,0,0,0",2511
"3,2,3,14,1,1,0,0",2512
"3,2,3,14,2,0,0,0",2513
"3,2,3,14,2,1,0,0",2514
"3,2,3,14,2,1,1,0",2515
"3,2,3,14,2,2,0,0",2516
"3,2,3,14,2,2,1,0",2517
"3,2,3,14,2,2,2,0",2518
"3,2,3,15,0,0,0,0",2519
"3,2,3,15,1,0,0,0",2520
"3,2,3,15,1,1,0,0",2521
"3,2,3,15,1,2,0,0",2522
"3,2,3,15,2,0,0,0",2523
"3,2,3,15,2,1,0,0",2524
"3,2,3,15,2,2,0,0",2525
"3,2,3,16,0,0,0,0",2526
"3,2,3,16,1,0,0,0",2527
"3,2,3,16,1,1,0,0",2528
"3,2,3,16,2,0,0,0",2529
"3,2,3,16,2,1,0,0",2530
"3,2,3,16,3,0,0,0",2531
"3,2,3,16,3,1,0,0",2532
"3,2,3,16,4,0,0,0",2533
"3,2,3,16,5,0,0,0",2534
"3,2,3,16,5,1,0,0",2535
"3,2,3,16,6,0,0,0",2536
"3,2,3,17,0,0,0,0",2537
"3,2,3,17,1,0,0,0",2538
"3,2,3,17,1,1,0,0",2539
"3,2,3,17,1,1,1,0",2540
"3,2,3,17,1,2,0,0",2541
"3,2,3,17,1,2,1,0",2542
"3,2,3,17,1,2,2,0",2543
"3,2,3,17,1,3,0,0",2544
"3,2,3,17,2,0,0,0",2545
"3,2,3,17,2,1,0,0",2546
"3,2,3,17,3,0,0,0",2547
"3,2,3,17,3,1,0,0",2548
"3,2,3,17,3,2,0,0",2549
"3,2,3,17,3,2,1,0",2550
"3,2,3,17,4,0,0,0",2551
"3,2,3,17,4,1,0,0",2552
"3,2,3,17,4,2,0,0",2553
"3,2,3,17,4,3,0,0",2554
"3,2,3,17,4,3,1,0",2555
"3,2,3,17,4,4,0,0",2556
"3,2,3,17,4,4,1,0",2557
"3,2,3,18,0,0,0,0",2558
"3,2,3,18,1,0,0,0",2559
"3,2,3,18,1,1,0,0",2560
"3,2,3,18,1,1,1,0",2561
"3,2,3,18,1,2,0,0",2562
"3,2,3,18,1,2,1,0",2563
"3,2,3,18,1,3,0,0",2564
"3,2,3,18,1,3,1,0",2565
"3,2,3,18,1,4,0,0",2566
"3,2,3,18,1,4,1,0",2567
"3,2,3,18,1,5,0,0",2568
"3,2,3,18,2,0,0,0",2569
"3,2,3,18,3,0,0,0",2570
"3,2,3,18,4,0,0,0",2571
"3,2,3,19,0,0,0,0",2572
"3,2,3,19,1,0,0,0",2573
"3,2,3,19,1,1,0,0",2574
"3,2,3,19,1,2,0,0",2575
"3,2,3,19,1,3,0,0",2576
"3,2,3,19,2,0,0,0",2577
"3,2,3,19,2,1,0,0",2578
"3,2,3,19,2,2,0,0",2579
"3,2,3,2,0,0,0,0",2580
"3,2,3,2,1,0,0,0",2581
"3,2,3,2,2,0,0,0",2582
"3,2,3,2,3,0,0,0",2583
"3,2,3,2,4,0,0,0",2584
"3,2,3,20,0,0,0,0",2585
"3,2,3,20,1,0,0,0",2586
"3,2,3,20,1,1,0,0",2587
"3,2,3,20,1,1,1,0",2588
"3,2,3,20,1,1,2,0",2589
"3,2,3,20,1,2,0,0",2590
"3,2,3,20,1,2,1,0",2591
"3,2,3,20,1,2,1,1",2592
"3,2,3,20,1,2,1,2",2593
"3,2,3,20,1,2,1,3",2594
"3,2,3,20,1,2,2,0",2595
"3,2,3,20,1,2,3,0",2596
"3,2,3,20,1,2,3,1",2597
"3,2,3,20,1,2,3,2",2598
"3,2,3,20,1,2,4,0",2599
"3,2,3,20,1,2,5,0",2600
"3,2,3,20,1,2,6,0",2601
"3,2,3,20,1,3,0,0",2602
"3,2,3,20,1,3,1,0",2603
"3,2,3,20,2,0,0,0",2604
"3,2,3,20,2,1,0,0",2605
"3,2,3,20,2,1,1,0",2606
"3,2,3,20,2,1,2,0",2607
"3,2,3,20,2,2,0,0",2608
"3,2,3,20,2,2,1,0",2609
"3,2,3,20,2,2,2,0",2610
"3,2,3,20,2,3,0,0",2611
"3,2,3,20,2,3,1,0",2612
"3,2,3,20,2,3,2,0",2613
"3,2,3,20,2,3,3,0",2614
"3,2,3,20,2,4,0,0",2615
"3,2,3,20,2,4,1,0",2616
"3,2,3,20,2,4,2,0",2617
"3,2,3,20,2,4,3,0",2618
"3,2,3,20,2,5,0,0",2619
"3,2,3,20,2,5,1,0",2620
"3,2,3,20,2,5,2,0",2621
"3,2,3,20,2,5,3,0",2622
"3,2,3,20,2,5,4,0",2623
"3,2,3,20,2,6,0,0",2624
"3,2,3,20,2,6,1,0",2625
"3,2,3,20,2,6,2,0",2626
"3,2,3,20,2,6,2,1",2627
"3,2,3,20,2,7,0,0",2628
"3,2,3,20,2,7,1,0",2629
"3,2,3,20,2,7,1,1",2630
"3,2,3,20,2,7,2,0",2631
"3,2,3,20,2,7,3,0",2632
"3,2,3,20,2,8,0,0",2633
"3,2,3,20,2,8,1,0",2634
"3,2,3,20,2,8,2,0",2635
"3,2,3,20,3,0,0,0",2636
"3,2,3,21,0,0,0,0",2637
"3,2,3,21,1,0,0,0",2638
"3,2,3,21,2,0,0,0",2639
"3,2,3,21,3,0,0,0",2640
"3,2,3,21,4,0,0,0",2641
"3,2,3,22,0,0,0,0",2642
"3,2,3,22,1,0,0,0",2643
"3,2,3,22,1,1,0,0",2644
"3,2,3,22,1,2,0,0",2645
"3,2,3,22,2,0,0,0",2646
"3,2,3,22,2,1,0,0",2647
"3,2,3,22,2,2,0,0",2648
"3,2,3,23,0,0,0,0",2649
"3,2,3,23,1,0,0,0",2650
"3,2,3,23,2,0,0,0",2651
"3,2,3,24,0,0,0,0",2652
"3,2,3,24,1,0,0,0",2653
"3,2,3,24,1,1,0,0",2654
"3,2,3,24,2,0,0,0",2655
"3,2,3,24,2,1,0,0",2656
"3,2,3,24,2,1,1,0",2657
"3,2,3,24,2,2,0,0",2658
"3,2,3,24,2,2,1,0",2659
"3,2,3,24,2,2,2,0",2660
"3,2,3,24,3,0,0,0",2661
"3,2,3,24,3,1,0,0",2662
"3,2,3,24,3,2,0,0",2663
"3,2,3,24,3,3,0,0",2664
"3,2,3,25,0,0,0,0",2665
"3,2,3,25,1,0,0,0",2666
"3,2,3,25,1,1,0,0",2667
"3,2,3,25,2,0,0,0",2668
"3,2,3,25,3,0,0,0",2669
"3,2,3,26,0,0,0,0",2670
"3,2,3,26,1,0,0,0",2671
"3,2,3,26,1,1,0,0",2672
"3,2,3,26,1,1,1,0",2673
"3,2,3,26,1,1,2,0",2674
"3,2,3,26,1,1,3,0",2675
"3,2,3,26,1,1,4,0",2676
"3,2,3,26,1,1,5,0",2677
"3,2,3,26,1,1,6,0",2678
"3,2,3,26,1,2,0,0",2679
"3,2,3,26,1,2,1,0",2680
"3,2,3,26,1,2,2,0",2681
"3,2,3,26,1,2,3,0",2682
"3,2,3,26,2,0,0,0",2683
"3,2,3,26,2,1,0,0",2684
"3,2,3,26,2,1,1,0",2685
"3,2,3,26,2,2,0,0",2686
"3,2,3,26,2,3,0,0",2687
"3,2,3,27,0,0,0,0",2688
"3,2,3,27,1,0,0,0",2689
"3,2,3,27,2,0,0,0",2690
"3,2,3,27,3,0,0,0",2691
"3,2,3,27,4,0,0,0",2692
"3,2,3,27,5,0,0,0",2693
"3,2,3,28,0,0,0,0",2694
"3,2,3,28,1,0,0,0",2695
"3,2,3,28,2,0,0,0",2696
"3,2,3,29,0,0,0,0",2697
"3,2,3,29,1,0,0,0",2698
"3,2,3,29,1,1,0,0",2699
"3,2,3,29,1,2,0,0",2700
"3,2,3,29,2,0,0,0",2701
"3,2,3,29,2,1,0,0",2702
"3,2,3,29,2,1,1,0",2703
"3,2,3,29,2,2,0,0",2704
"3,2,3,29,2,3,0,0",2705
"3,2,3,29,2,4,0,0",2706
"3,2,3,29,3,0,0,0",2707
"3,2,3,29,3,1,0,0",2708
"3,2,3,29,3,1,1,0",2709
"3,2,3,29,3,1,2,0",2710
"3,2,3,29,3,1,3,0",2711
"3,2,3,29,3,1,4,0",2712
"3,2,3,29,3,1,5,0",2713
"3,2,3,29,3,2,0,0",2714
"3,2,3,29,3,2,1,0",2715
"3,2,3,29,3,2,2,0",2716
"3,2,3,29,3,3,0,0",2717
"3,2,3,29,4,0,0,0",2718
"3,2,3,29,4,1,0,0",2719
"3,2,3,29,4,2,0,0",2720
"3,2,3,29,5,0,0,0",2721
"3,2,3,29,5,1,0,0",2722
"3,2,3,29,5,1,1,0",2723
"3,2,3,29,5,1,2,0",2724
"3,2,3,29,5,2,0,0",2725
"3,2,3,29,5,3,0,0",2726
"3,2,3,29,5,4,0,0",2727
"3,2,3,29,6,0,0,0",2728
"3,2,3,29,7,0,0,0",2729
"3,2,3,29,7,1,0,0",2730
"3,2,3,29,8,0,0,0",2731
"3,2,3,29,8,1,0,0",2732
"3,2,3,29,8,2,0,0",2733
"3,2,3,29,9,0,0,0",2734
"3,2,3,29,9,1,0,0",2735
"3,2,3,29,9,2,0,0",2736
"3,2,3,29,9,2,1,0",2737
"3,2,3,29,9,2,2,0",2738
"3,2,3,29,9,2,3,0",2739
"3,2,3,29,9,3,0,0",2740
"3,2,3,29,9,4,0,0",2741
"3,2,3,29,9,4,1,0",2742
"3,2,3,29,9,5,0,0",2743
"3,2,3,29,9,5,1,0",2744
"3,2,3,29,9,5,2,0",2745
"3,2,3,29,9,6,0,0",2746
"3,2,3,29,9,7,0,0",2747
"3,2,3,29,9,8,0,0",2748
"3,2,3,29,9,9,0,0",2749
"3,2,3,3,0,0,0,0",2750
"3,2,3,3,1,0,0,0",2751
"3,2,3,3,1,1,0,0",2752
"3,2,3,3,1,2,0,0",2753
"3,2,3,3,2,0,0,0",2754
"3,2,3,3,3,0,0,0",2755
"3,2,3,3,3,1,0,0",2756
"3,2,3,3,3,1,1,0",2757
"3,2,3,3,3,2,0,0",2758
"3,2,3,3,3,2,1,0",2759
"3,2,3,3,3,3,0,0",2760
"3,2,3,3,3,3,1,0",2761
"3,2,3,3,3,4,0,0",2762
"3,2,3,3,3,4,1,0",2763
"3,2,3,3,3,5,0,0",2764
"3,2,3,3,3,5,1,0",2765
"3,2,3,3,3,6,0,0",2766
"3,2,3,3,3,6,1,0",2767
"3,2,3,3,3,7,0,0",2768
"3,2,3,3,3,7,1,0",2769
"3,2,3,3,3,8,0,0",2770
"3,2,3,30,0,0,0,0",2771
"3,2,3,30,1,0,0,0",2772
"3,2,3,31,0,0,0,0",2773
"3,2,3,31,1,0,0,0",2774
"3,2,3,31,2,0,0,0",2775
"3,2,3,31,3,0,0,0",2776
"3,2,3,31,3,1,0,0",2777
"3,2,3,31,3,2,0,0",2778
"3,2,3,31,3,2,1,0",2779
"3,2,3,31,3,2,2,0",2780
"3,2,3,31,3,2,3,0",2781
"3,2,3,31,3,3,0,0",2782
"3,2,3,31,3,3,1,0",2783
"3,2,3,31,3,4,0,0",2784
"3,2,3,31,3,4,1,0",2785
"3,2,3,31,3,5,0,0",2786
"3,2,3,31,3,5,1,0",2787
"3,2,3,31,3,6,0,0",2788
"3,2,3,31,3,7,0,0",2789
"3,2,3,31,4,0,0,0",2790
"3,2,3,31,4,1,0,0",2791
"3,2,3,32,0,0,0,0",2792
"3,2,3,32,1,0,0,0",2793
"3,2,3,32,1,1,0,0",2794
"3,2,3,32,1,2,0,0",2795
"3,2,3,32,1,3,0,0",2796
"3,2,3,32,1,4,0,0",2797
"3,2,3,33,0,0,0,0",2798
"3,2,3,33,1,0,0,0",2799
"3,2,3,33,1,1,0,0",2800
"3,2,3,33,2,0,0,0",2801
"3,2,3,33,2,1,0,0",2802
"3,2,3,33,2,1,1,0",2803
"3,2,3,33,2,2,0,0",2804
"3,2,3,33,2,2,1,0",2805
"3,2,3,33,2,3,0,0",2806
"3,2,3,33,2,3,1,0",2807
"3,2,3,33,2,4,0,0",2808
"3,2,3,33,2,4,1,0",2809
"3,2,3,33,2,5,0,0",2810
"3,2,3,33,2,5,1,0",2811
"3,2,3,33,2,6,0,0",2812
"3,2,3,33,2,6,1,0",2813
"3,2,3,4,0,0,0,0",2814
"3,2,3,4,1,0,0,0",2815
"3,2,3,4,1,1,0,0",2816
"3,2,3,4,1,2,0,0",2817
"3,2,3,4,10,0,0,0",2818
"3,2,3,4,10,1,0,0",2819
"3,2,3,4,10,2,0,0",2820
"3,2,3,4,10,3,0,0",2821
"3,2,3,4,11,0,0,0",2822
"3,2,3,4,11,1,0,0",2823
"3,2,3,4,12,0,0,0",2824
"3,2,3,4,12,1,0,0",2825
"3,2,3,4,2,0,0,0",2826
"3,2,3,4,3,0,0,0",2827
"3,2,3,4,3,1,0,0",2828
"3,2,3,4,3,2,0,0",2829
"3,2,3,4,3,3,0,0",2830
"3,2,3,4,3,3,1,0",2831
"3,2,3,4,3,3,2,0",2832
"3,2,3,4,4,0,0,0",2833
"3,2,3,4,4,1,0,0",2834
"3,2,3,4,5,0,0,0",2835
"3,2,3,4,5,1,0,0",2836
"3,2,3,4,6,0,0,0",2837
"3,2,3,4,6,1,0,0",2838
"3,2,3,4,7,0,0,0",2839
"3,2,3,4,7,1,0,0",2840
"3,2,3,4,8,0,0,0",2841
"3,2,3,4,8,1,0,0",2842
"3,2,3,4,9,0,0,0",2843
"3,2,3,5,0,0,0,0",2844
"3,2,3,5,1,0,0,0",2845
"3,2,3,5,1,1,0,0",2846
"3,2,3,5,1,1,1,0",2847
"3,2,3,5,1,2,0,0",2848
"3,2,3,5,1,3,0,0",2849
"3,2,3,5,1,4,0,0",2850
"3,2,3,5,1,4,1,0",2851
"3,2,3,5,1,5,0,0",2852
"3,2,3,5,2,0,0,0",2853
"3,2,3,5,2,1,0,0",2854
"3,2,3,5,2,2,0,0",2855
"3,2,3,5,2,3,0,0",2856
"3,2,3,5,2,4,0,0",2857
"3,2,3,5,2,5,0,0",2858
"3,2,3,6,0,0,0,0",2859
"3,2,3,6,1,0,0,0",2860
"3,2,3,6,1,1,0,0",2861
"3,2,3,6,2,0,0,0",2862
"3,2,3,6,2,1,0,0",2863
"3,2,3,6,2,2,0,0",2864
"3,2,3,6,2,2,1,0",2865
"3,2,3,6,2,2,2,0",2866
"3,2,3,7,0,0,0,0",2867
"3,2,3,8,0,0,0,0",2868
"3,2,3,8,1,0,0,0",2869
"3,2,3,8,2,0,0,0",2870
"3,2,3,9,0,0,0,0",2871
"3,2,3,9,1,0,0,0",2872
"3,2,3,9,1,1,0,0",2873
"3,2,3,9,1,1,1,0",2874
"3,2,3,9,1,1,1,1",2875
"3,2,3,9,1,1,1,2",2876
"3,2,3,9,1,1,2,0",2877
"3,2,3,9,1,1,3,0",2878
"3,2,3,9,1,1,3,1",2879
"3,2,3,9,1,1,3,2",2880
"3,2,3,9,1,1,3,3",2881
"3,2,3,9,1,1,4,0",2882
"3,2,3,9,1,1,5,0",2883
"3,2,3,9,1,1,5,1",2884
"3,2,3,9,1,1,5,2",2885
"3,2,3,9,1,2,0,0",2886
"3,2,3,9,1,2,1,0",2887
"3,2,3,9,1,2,2,0",2888
"3,2,3,9,1,2,3,0",2889
"3,2,3,9,1,2,4,0",2890
"3,2,3,9,1,3,0,0",2891
"3,2,3,9,1,3,1,0",2892
"3,2,3,9,1,3,2,0",2893
"3,2,3,9,1,3,3,0",2894
"3,2,3,9,1,3,3,1",2895
"3,2,3,9,2,0,0,0",2896
"3,2,3,9,2,1,0,0",2897
"3,2,3,9,2,10,0,0",2898
"3,2,3,9,2,10,1,0",2899
"3,2,3,9,2,10,2,0",2900
"3,2,3,9,2,10,2,1",2901
"3,2,3,9,2,10,2,2",2902
"3,2,3,9,2,10,3,0",2903
"3,2,3,9,2,10,3,1",2904
"3,2,3,9,2,10,3,2",2905
"3,2,3,9,2,10,3,3",2906
"3,2,3,9,2,10,4,0",2907
"3,2,3,9,2,10,4,1",2908
"3,2,3,9,2,10,5,0",2909
"3,2,3,9,2,10,6,0",2910
"3,2,3,9,2,10,6,1",2911
"3,2,3,9,2,11,0,0",2912
"3,2,3,9,2,11,1,0",2913
"3,2,3,9,2,11,2,0",2914
"3,2,3,9,2,11,2,1",2915
"3,2,3,9,2,12,0,0",2916
"3,2,3,9,2,2,0,0",2917
"3,2,3,9,2,3,0,0",2918
"3,2,3,9,2,3,1,0",2919
"3,2,3,9,2,3,2,0",2920
"3,2,3,9,2,4,0,0",2921
"3,2,3,9,2,5,0,0",2922
"3,2,3,9,2,5,1,0",2923
"3,2,3,9,2,5,2,0",2924
"3,2,3,9,2,5,3,0",2925
"3,2,3,9,2,6,0,0",2926
"3,2,3,9,2,6,1,0",2927
"3,2,3,9,2,6,2,0",2928
"3,2,3,9,2,6,3,0",2929
"3,2,3,9,2,6,4,0",2930
"3,2,3,9,2,6,5,0",2931
"3,2,3,9,2,6,6,0",2932
"3,2,3,9,2,6,7,0",2933
"3,2,3,9,2,7,0,0",2934
"3,2,3,9,2,7,1,0",2935
"3,2,3,9,2,7,2,0",2936
"3,2,3,9,2,7,2,1",2937
"3,2,3,9,2,7,3,0",2938
"3,2,3,9,2,8,0,0",2939
"3,2,3,9,2,8,1,0",2940
"3,2,3,9,2,8,2,0",2941
"3,2,3,9,2,8,3,0",2942
"3,2,3,9,2,9,0,0",2943
"3,2,3,9,2,9,1,0",2944
"3,2,3,9,2,9,2,0",2945
"3,2,3,9,2,9,2,1",2946
"3,2,3,9,2,9,3,0",2947
"3,2,3,9,2,9,4,0",2948
"3,2,3,9,2,9,4,1",2949
"3,2,3,9,2,9,5,0",2950
"3,2,3,9,2,9,6,0",2951
"3,2,3,9,2,9,6,1",2952
"3,2,3,9,2,9,6,2",2953
"3,3,0,0,0,0,0,0",2954
"3,3,1,0,0,0,0,0",2955
"3,3,1,1,0,0,0,0",2956
"3,3,1,2,0,0,0,0",2957
"3,3,1,3,0,0,0,0",2958
"3,3,1,4,0,0,0,0",2959
"3,3,1,5,0,0,0,0",2960
"3,3,1,6,0,0,0,0",2961
"3,3,2,0,0,0,0,0",2962
"3,3,2,1,0,0,0,0",2963
"3,3,2,1,1,0,0,0",2964
"3,3,2,1,2,0,0,0",2965
"3,3,2,1,3,0,0,0",2966
"3,3,2,1,4,0,0,0",2967
"3,3,2,1,5,0,0,0",2968
"3,3,2,1,6,0,0,0",2969
"3,3,2,2,0,0,0,0",2970
"3,3,2,2,1,0,0,0",2971
"3,3,2,2,1,1,0,0",2972
"3,3,2,2,1,2,0,0",2973
"3,3,2,2,1,3,0,0",2974
"3,3,2,2,1,4,0,0",2975
"3,3,2,2,2,0,0,0",2976
"3,3,2,2,3,0,0,0",2977
"3,3,2,2,4,0,0,0",2978
"3,3,2,2,4,1,0,0",2979
"3,3,2,2,4,2,0,0",2980
"3,3,2,2,4,3,0,0",2981
"3,3,2,2,4,4,0,0",2982
"3,3,2,2,4,5,0,0",2983
"3,3,2,2,5,0,0,0",2984
"3,3,2,2,5,1,0,0",2985
"3,3,2,2,5,2,0,0",2986
"3,3,2,2,5,3,0,0",2987
"3,3,2,2,5,4,0,0",2988
"3,3,2,2,5,5,0,0",2989
"3,3,2,2,5,6,0,0",2990
"3,3,2,3,0,0,0,0",2991
"3,3,2,3,1,0,0,0",2992
"3,3,2,3,1,1,0,0",2993
"3,3,2,3,1,2,0,0",2994
"3,3,2,3,1,3,0,0",2995
"3,3,2,3,1,4,0,0",2996
"3,3,2,3,1,5,0,0",2997
"3,3,2,3,2,0,0,0",2998
"3,3,2,3,2,1,0,0",2999
"3,3,2,3,2,2,0,0",3000
"3,3,2,3,2,3,0,0",3001
"3,3,2,3,3,0,0,0",3002
"3,3,2,3,3,1,0,0",3003
"3,3,2,3,3,2,0,0",3004
"3,3,2,3,3,3,0,0",3005
"3,3,2,3,3,4,0,0",3006
"3,3,2,3,3,5,0,0",3007
"3,3,2,3,3,6,0,0",3008
"3,3,2,3,4,0,0,0",3009
"3,3,2,3,5,0,0,0",3010
"3,3,3,0,0,0,0,0",3011
"3,3,3,1,0,0,0,0",3012
"3,3,3,2,0,0,0,0",3013
"3,3,3,2,1,0,0,0",3014
"3,3,3,2,1,1,0,0",3015
"3,3,3,2,1,10,0,0",3016
"3,3,3,2,1,2,0,0",3017
"3,3,3,2,1,3,0,0",3018
"3,3,3,2,1,4,0,0",3019
"3,3,3,2,1,5,0,0",3020
"3,3,3,2,1,6,0,0",3021
"3,3,3,2,1,7,0,0",3022
"3,3,3,2,1,8,0,0",3023
"3,3,3,2,1,9,0,0",3024
"3,3,3,2,2,0,0,0",3025
"3,3,3,2,3,0,0,0",3026
"3,3,3,2,4,0,0,0",3027
"3,3,3,2,5,0,0,0",3028
"3,3,3,2,5,1,0,0",3029
"3,3,3,2,6,0,0,0",3030
"3,3,3,2,7,0,0,0",3031
"3,3,3,2,7,1,0,0",3032
"3,3,3,3,0,0,0,0",3033
"3,3,3,4,0,0,0,0",3034
"3,3,3,4,1,0,0,0",3035
"3,3,3,4,1,1,0,0",3036
"3,3,3,4,1,2,0,0",3037
"3,3,3,4,1,3,0,0",3038
"3,3,3,4,2,0,0,0",3039
"3,3,3,4,2,1,0,0",3040
"3,3,3,4,2,2,0,0",3041
"3,3,3,4,2,3,0,0",3042
"3,3,3,5,0,0,0,0",3043
"3,4,0,0,0,0,0,0",3044
"3,4,1,0,0,0,0,0",3045
"3,4,1,1,0,0,0,0",3046
"3,4,1,2,0,0,0,0",3047
"3,4,1,2,1,0,0,0",3048
"3,4,1,2,2,0,0,0",3049
"3,4,1,3,0,0,0,0",3050
"3,4,1,3,1,0,0,0",3051
"3,4,1,3,2,0,0,0",3052
"3,4,1,4,0,0,0,0",3053
"3,4,1,5,0,0,0,0",3054
"3,4,1,5,1,0,0,0",3055
"3,4,1,5,2,0,0,0",3056
"3,4,1,5,3,0,0,0",3057
"3,4,1,6,0,0,0,0",3058
"3,4,1,6,1,0,0,0",3059
"3,4,1,7,0,0,0,0",3060
"3,4,1,7,1,0,0,0",3061
"3,4,1,7,2,0,0,0",3062
"3,4,10,0,0,0,0,0",3063
"3,4,10,1,0,0,0,0",3064
"3,4,10,1,1,0,0,0",3065
"3,4,10,1,2,0,0,0",3066
"3,4,10,1,3,0,0,0",3067
"3,4,10,1,4,0,0,0",3068
"3,4,10,1,5,0,0,0",3069
"3,4,10,2,0,0,0,0",3070
"3,4,10,3,0,0,0,0",3071
"3,4,10,3,1,0,0,0",3072
"3,4,10,3,2,0,0,0",3073
"3,4,10,3,3,0,0,0",3074
"3,4,10,3,4,0,0,0",3075
"3,4,10,3,5,0,0,0",3076
"3,4,10,4,0,0,0,0",3077
"3,4,10,4,1,0,0,0",3078
"3,4,10,4,1,1,0,0",3079
"3,4,10,4,1,2,0,0",3080
"3,4,10,4,2,0,0,0",3081
"3,4,10,4,2,1,0,0",3082
"3,4,10,4,2,2,0,0",3083
"3,4,10,4,3,0,0,0",3084
"3,4,11,0,0,0,0,0",3085
"3,4,11,1,0,0,0,0",3086
"3,4,11,2,0,0,0,0",3087
"3,4,11,2,1,0,0,0",3088
"3,4,11,2,2,0,0,0",3089
"3,4,11,2,3,0,0,0",3090
"3,4,11,2,3,1,0,0",3091
"3,4,11,2,4,0,0,0",3092
"3,4,11,2,5,0,0,0",3093
"3,4,11,2,6,0,0,0",3094
"3,4,11,3,0,0,0,0",3095
"3,4,11,3,1,0,0,0",3096
"3,4,11,3,1,1,0,0",3097
"3,4,11,3,2,0,0,0",3098
"3,4,11,3,2,1,0,0",3099
"3,4,11,3,3,0,0,0",3100
"3,4,11,3,3,1,0,0",3101
"3,4,11,3,4,0,0,0",3102
"3,4,11,3,4,1,0,0",3103
"3,4,11,3,4,2,0,0",3104
"3,4,11,3,4,3,0,0",3105
"3,4,11,3,4,4,0,0",3106
"3,4,11,3,4,5,0,0",3107
"3,4,11,3,4,6,0,0",3108
"3,4,11,3,5,0,0,0",3109
"3,4,11,3,6,0,0,0",3110
"3,4,11,3,6,1,0,0",3111
"3,4,2,0,0,0,0,0",3112
"3,4,2,1,0,0,0,0",3113
"3,4,2,2,0,0,0,0",3114
"3,4,2,2,1,0,0,0",3115
"3,4,2,2,2,0,0,0",3116
"3,4,2,2,3,0,0,0",3117
"3,4,2,3,0,0,0,0",3118
"3,4,2,3,1,0,0,0",3119
"3,4,2,4,0,0,0,0",3120
"3,4,3,0,0,0,0,0",3121
"3,4,3,1,0,0,0,0",3122
"3,4,3,1,1,0,0,0",3123
"3,4,3,1,2,0,0,0",3124
"3,4,3,2,0,0,0,0",3125
"3,4,3,2,1,0,0,0",3126
"3,4,3,2,2,0,0,0",3127
"3,4,3,3,0,0,0,0",3128
"3,4,3,3,1,0,0,0",3129
"3,4,3,3,1,1,0,0",3130
"3,4,3,3,1,2,0,0",3131
"3,4,3,3,1,3,0,0",3132
"3,4,3,3,1,4,0,0",3133
"3,4,3,3,2,0,0,0",3134
"3,4,3,3,2,1,0,0",3135
"3,4,3,3,2,2,0,0",3136
"3,4,3,3,2,3,0,0",3137
"3,4,3,3,3,0,0,0",3138
"3,4,3,3,3,1,0,0",3139
"3,4,3,3,3,2,0,0",3140
"3,4,3,3,3,3,0,0",3141
"3,4,3,3,3,4,0,0",3142
"3,4,3,3,3,5,0,0",3143
"3,4,3,3,4,0,0,0",3144
"3,4,3,3,5,0,0,0",3145
"3,4,3,3,5,1,0,0",3146
"3,4,3,3,5,2,0,0",3147
"3,4,3,3,5,3,0,0",3148
"3,4,3,3,6,0,0,0",3149
"3,4,3,3,7,0,0,0",3150
"3,4,3,3,8,0,0,0",3151
"3,4,3,3,8,1,0,0",3152
"3,4,3,3,8,2,0,0",3153
"3,4,3,3,8,3,0,0",3154
"3,4,3,3,8,4,0,0",3155
"3,4,4,0,0,0,0,0",3156
"3,4,4,1,0,0,0,0",3157
"3,4,4,1,1,0,0,0",3158
"3,4,4,1,2,0,0,0",3159
"3,4,4,1,3,0,0,0",3160
"3,4,4,1,4,0,0,0",3161
"3,4,4,1,4,1,0,0",3162
"3,4,4,1,4,2,0,0",3163
"3,4,4,1,5,0,0,0",3164
"3,4,4,1,6,0,0,0",3165
"3,4,4,1,7,0,0,0",3166
"3,4,4,1,7,1,0,0",3167
"3,4,4,1,8,0,0,0",3168
"3,4,4,2,0,0,0,0",3169
"3,4,4,2,1,0,0,0",3170
"3,4,4,2,2,0,0,0",3171
"3,4,4,2,3,0,0,0",3172
"3,4,4,2,3,1,0,0",3173
"3,4,4,2,3,2,0,0",3174
"3,4,4,2,4,0,0,0",3175
"3,4,4,2,5,0,0,0",3176
"3,4,4,2,6,0,0,0",3177
"3,4,4,2,7,0,0,0",3178
"3,4,4,3,0,0,0,0",3179
"3,4,5,0,0,0,0,0",3180
"3,4,5,1,0,0,0,0",3181
"3,4,5,1,1,0,0,0",3182
"3,4,5,1,2,0,0,0",3183
"3,4,5,1,2,1,0,0",3184
"3,4,5,1,2,2,0,0",3185
"3,4,5,1,2,3,0,0",3186
"3,4,5,1,2,4,0,0",3187
"3,4,5,1,2,5,0,0",3188
"3,4,5,1,3,0,0,0",3189
"3,4,5,1,3,1,0,0",3190
"3,4,5,1,3,2,0,0",3191
"3,4,5,1,3,3,0,0",3192
"3,4,5,1,3,4,0,0",3193
"3,4,5,1,3,5,0,0",3194
"3,4,5,1,3,6,0,0",3195
"3,4,5,1,3,7,0,0",3196
"3,4,5,1,3,8,0,0",3197
"3,4,5,2,0,0,0,0",3198
"3,4,5,2,1,0,0,0",3199
"3,4,5,2,1,1,0,0",3200
"3,4,5,2,1,2,0,0",3201
"3,4,5,2,1,3,0,0",3202
"3,4,5,2,2,0,0,0",3203
"3,4,5,2,3,0,0,0",3204
"3,4,5,2,3,1,0,0",3205
"3,4,5,2,4,0,0,0",3206
"3,4,5,2,4,1,0,0",3207
"3,4,5,2,5,0,0,0",3208
"3,4,5,2,5,1,0,0",3209
"3,4,5,2,5,2,0,0",3210
"3,4,5,2,5,3,0,0",3211
"3,4,6,0,0,0,0,0",3212
"3,4,6,1,0,0,0,0",3213
"3,4,6,1,1,0,0,0",3214
"3,4,6,1,1,1,0,0",3215
"3,4,6,1,1,2,0,0",3216
"3,4,6,1,1,3,0,0",3217
"3,4,6,1,2,0,0,0",3218
"3,4,6,1,2,1,0,0",3219
"3,4,6,1,3,0,0,0",3220
"3,4,6,1,4,0,0,0",3221
"3,4,6,1,5,0,0,0",3222
"3,4,6,1,6,0,0,0",3223
"3,4,6,1,6,1,0,0",3224
"3,4,6,2,0,0,0,0",3225
"3,4,6,2,1,0,0,0",3226
"3,4,6,2,2,0,0,0",3227
"3,4,6,2,3,0,0,0",3228
"3,4,6,2,4,0,0,0",3229
"3,4,6,2,5,0,0,0",3230
"3,4,6,2,5,1,0,0",3231
"3,4,6,2,5,2,0,0",3232
"3,4,6,2,6,0,0,0",3233
"3,4,6,3,0,0,0,0",3234
"3,4,7,0,0,0,0,0",3235
"3,4,7,1,0,0,0,0",3236
"3,4,7,2,0,0,0,0",3237
"3,4,8,0,0,0,0,0",3238
"3,4,9,0,0,0,0,0",3239
"3,4,9,1,0,0,0,0",3240
"3,4,9,2,0,0,0,0",3241
"3,4,9,2,1,0,0,0",3242
"3,4,9,2,2,0,0,0",3243
"3,4,9,3,0,0,0,0",3244
"3,5,0,0,0,0,0,0",3245
"3,5,1,0,0,0,0,0",3246
"3,5,10,0,0,0,0,0",3247
"3,5,10,1,0,0,0,0",3248
"3,5,10,1,1,0,0,0",3249
"3,5,10,1,2,0,0,0",3250
"3,5,10,1,3,0,0,0",3251
"3,5,10,1,4,0,0,0",3252
"3,5,10,2,0,0,0,0",3253
"3,5,10,3,0,0,0,0",3254
"3,5,10,3,1,0,0,0",3255
"3,5,10,3,2,0,0,0",3256
"3,5,10,3,2,1,0,0",3257
"3,5,10,3,2,2,0,0",3258
"3,5,10,3,2,3,0,0",3259
"3,5,10,3,2,4,0,0",3260
"3,5,10,3,3,0,0,0",3261
"3,5,10,3,3,1,0,0",3262
"3,5,10,4,0,0,0,0",3263
"3,5,10,4,1,0,0,0",3264
"3,5,10,4,2,0,0,0",3265
"3,5,10,4,2,1,0,0",3266
"3,5,10,4,2,2,0,0",3267
"3,5,10,4,3,0,0,0",3268
"3,5,10,4,4,0,0,0",3269
"3,5,10,4,4,1,0,0",3270
"3,5,10,4,5,0,0,0",3271
"3,5,10,5,0,0,0,0",3272
"3,5,10,5,1,0,0,0",3273
"3,5,10,5,1,1,0,0",3274
"3,5,10,5,1,2,0,0",3275
"3,5,10,5,1,3,0,0",3276
"3,5,10,5,1,4,0,0",3277
"3,5,10,5,1,5,0,0",3278
"3,5,10,5,1,6,0,0",3279
"3,5,10,5,1,7,0,0",3280
"3,5,10,5,1,8,0,0",3281
"3,5,10,5,1,9,0,0",3282
"3,5,10,5,2,0,0,0",3283
"3,5,10,5,3,0,0,0",3284
"3,5,10,5,3,1,0,0",3285
"3,5,10,5,3,2,0,0",3286
"3,5,11,0,0,0,0,0",3287
"3,5,11,1,0,0,0,0",3288
"3,5,11,1,1,0,0,0",3289
"3,5,11,1,2,0,0,0",3290
"3,5,11,1,3,0,0,0",3291
"3,5,11,2,0,0,0,0",3292
"3,5,11,2,1,0,0,0",3293
"3,5,11,3,0,0,0,0",3294
"3,5,11,3,1,0,0,0",3295
"3,5,11,3,2,0,0,0",3296
"3,5,11,3,3,0,0,0",3297
"3,5,11,4,0,0,0,0",3298
"3,5,11,4,1,0,0,0",3299
"3,5,11,5,0,0,0,0",3300
"3,5,11,5,1,0,0,0",3301
"3,5,11,5,1,1,0,0",3302
"3,5,11,5,1,2,0,0",3303
"3,5,11,5,2,0,0,0",3304
"3,5,11,5,2,1,0,0",3305
"3,5,11,5,2,2,0,0",3306
"3,5,11,5,3,0,0,0",3307
"3,5,11,5,3,1,0,0",3308
"3,5,12,0,0,0,0,0",3309
"3,5,12,1,0,0,0,0",3310
"3,5,12,2,0,0,0,0",3311
"3,5,12,3,0,0,0,0",3312
"3,5,13,0,0,0,0,0",3313
"3,5,13,1,0,0,0,0",3314
"3,5,13,1,1,0,0,0",3315
"3,5,13,1,2,0,0,0",3316
"3,5,13,1,2,1,0,0",3317
"3,5,13,1,2,2,0,0",3318
"3,5,13,1,3,0,0,0",3319
"3,5,13,1,4,0,0,0",3320
"3,5,13,1,4,1,0,0",3321
"3,5,13,1,5,0,0,0",3322
"3,5,13,2,0,0,0,0",3323
"3,5,13,2,1,0,0,0",3324
"3,5,13,2,2,0,0,0",3325
"3,5,13,2,3,0,0,0",3326
"3,5,13,2,4,0,0,0",3327
"3,5,13,3,0,0,0,0",3328
"3,5,13,3,1,0,0,0",3329
"3,5,13,3,2,0,0,0",3330
"3,5,13,3,2,1,0,0",3331
"3,5,13,4,0,0,0,0",3332
"3,5,13,4,1,0,0,0",3333
"3,5,13,4,2,0,0,0",3334
"3,5,13,4,3,0,0,0",3335
"3,5,13,4,4,0,0,0",3336
"3,5,14,0,0,0,0,0",3337
"3,5,14,1,0,0,0,0",3338
"3,5,14,2,0,0,0,0",3339
"3,5,14,2,1,0,0,0",3340
"3,5,14,3,0,0,0,0",3341
"3,5,14,3,1,0,0,0",3342
"3,5,14,4,0,0,0,0",3343
"3,5,14,5,0,0,0,0",3344
"3,5,14,5,1,0,0,0",3345
"3,5,14,5,2,0,0,0",3346
"3,5,14,5,2,1,0,0",3347
"3,5,15,0,0,0,0,0",3348
"3,5,15,1,0,0,0,0",3349
"3,5,15,2,0,0,0,0",3350
"3,5,15,3,0,0,0,0",3351
"3,5,15,4,0,0,0,0",3352
"3,5,2,0,0,0,0,0",3353
"3,5,2,1,0,0,0,0",3354
"3,5,2,1,1,0,0,0",3355
"3,5,2,1,2,0,0,0",3356
"3,5,2,2,0,0,0,0",3357
"3,5,2,2,1,0,0,0",3358
"3,5,2,2,2,0,0,0",3359
"3,5,2,2,3,0,0,0",3360
"3,5,3,0,0,0,0,0",3361
"3,5,4,0,0,0,0,0",3362
"3,5,4,1,0,0,0,0",3363
"3,5,4,1,1,0,0,0",3364
"3,5,4,2,0,0,0,0",3365
"3,5,4,2,1,0,0,0",3366
"3,5,4,2,2,0,0,0",3367
"3,5,4,2,2,1,0,0",3368
"3,5,4,2,2,2,0,0",3369
"3,5,4,2,2,3,0,0",3370
"3,5,4,2,2,4,0,0",3371
"3,5,4,2,3,0,0,0",3372
"3,5,4,2,3,1,0,0",3373
"3,5,4,3,0,0,0,0",3374
"3,5,4,3,1,0,0,0",3375
"3,5,4,3,1,1,0,0",3376
"3,5,4,3,2,0,0,0",3377
"3,5,4,4,0,0,0,0",3378
"3,5,4,4,1,0,0,0",3379
"3,5,4,4,2,0,0,0",3380
"3,5,4,5,0,0,0,0",3381
"3,5,4,5,1,0,0,0",3382
"3,5,4,5,2,0,0,0",3383
"3,5,4,5,2,1,0,0",3384
"3,5,4,5,3,0,0,0",3385
"3,5,4,5,3,1,0,0",3386
"3,5,4,5,3,2,0,0",3387
"3,5,4,5,3,3,0,0",3388
"3,5,4,5,4,0,0,0",3389
"3,5,4,5,4,1,0,0",3390
"3,5,4,5,4,2,0,0",3391
"3,5,5,0,0,0,0,0",3392
"3,5,5,1,0,0,0,0",3393
"3,5,5,1,1,0,0,0",3394
"3,5,5,1,1,1,0,0",3395
"3,5,5,1,1,1,1,0",3396
"3,5,5,1,1,1,10,0",3397
"3,5,5,1,1,1,11,0",3398
"3,5,5,1,1,1,12,0",3399
"3,5,5,1,1,1,13,0",3400
"3,5,5,1,1,1,14,0",3401
"3,5,5,1,1,1,15,0",3402
"3,5,5,1,1,1,16,0",3403
"3,5,5,1,1,1,17,0",3404
"3,5,5,1,1,1,18,0",3405
"3,5,5,1,1,1,19,0",3406
"3,5,5,1,1,1,2,0",3407
"3,5,5,1,1,1,20,0",3408
"3,5,5,1,1,1,21,0",3409
"3,5,5,1,1,1,22,0",3410
"3,5,5,1,1,1,23,0",3411
"3,5,5,1,1,1,24,0",3412
"3,5,5,1,1,1,25,0",3413
"3,5,5,1,1,1,26,0",3414
"3,5,5,1,1,1,27,0",3415
"3,5,5,1,1,1,28,0",3416
"3,5,5,1,1,1,29,0",3417
"3,5,5,1,1,1,3,0",3418
"3,5,5,1,1,1,4,0",3419
"3,5,5,1,1,1,5,0",3420
"3,5,5,1,1,1,6,0",3421
"3,5,5,1,1,1,7,0",3422
"3,5,5,1,1,1,8,0",3423
"3,5,5,1,1,1,9,0",3424
"3,5,5,1,1,2,0,0",3425
"3,5,5,1,1,2,1,0",3426
"3,5,5,1,1,2,10,0",3427
"3,5,5,1,1,2,11,0",3428
"3,5,5,1,1,2,12,0",3429
"3,5,5,1,1,2,12,1",3430
"3,5,5,1,1,2,12,2",3431
"3,5,5,1,1,2,12,3",3432
"3,5,5,1,1,2,13,0",3433
"3,5,5,1,1,2,14,0",3434
"3,5,5,1,1,2,2,0",3435
"3,5,5,1,1,2,3,0",3436
"3,5,5,1,1,2,3,1",3437
"3,5,5,1,1,2,4,0",3438
"3,5,5,1,1,2,5,0",3439
"3,5,5,1,1,2,6,0",3440
"3,5,5,1,1,2,7,0",3441
"3,5,5,1,1,2,8,0",3442
"3,5,5,1,1,2,9,0",3443
"3,5,5,1,1,3,0,0",3444
"3,5,5,1,1,4,0,0",3445
"3,5,5,1,2,0,0,0",3446
"3,5,5,1,2,1,0,0",3447
"3,5,5,1,3,0,0,0",3448
"3,5,5,1,3,1,0,0",3449
"3,5,5,1,3,2,0,0",3450
"3,5,5,1,3,3,0,0",3451
"3,5,5,1,3,4,0,0",3452
"3,5,5,1,4,0,0,0",3453
"3,5,5,1,5,0,0,0",3454
"3,5,5,1,5,1,0,0",3455
"3,5,5,1,5,1,1,0",3456
"3,5,5,1,5,2,0,0",3457
"3,5,5,1,5,2,1,0",3458
"3,5,5,1,5,2,1,1",3459
"3,5,5,1,5,2,1,2",3460
"3,5,5,1,5,3,0,0",3461
"3,5,5,1,5,3,1,0",3462
"3,5,5,1,5,3,1,1",3463
"3,5,5,1,5,3,1,2",3464
"3,5,5,1,5,4,0,0",3465
"3,5,5,1,5,5,0,0",3466
"3,5,5,1,5,5,1,0",3467
"3,5,5,1,5,6,0,0",3468
"3,5,5,1,6,0,0,0",3469
"3,5,5,1,6,1,0,0",3470
"3,5,5,1,6,2,0,0",3471
"3,5,5,1,6,2,1,0",3472
"3,5,5,1,6,2,10,0",3473
"3,5,5,1,6,2,2,0",3474
"3,5,5,1,6,2,3,0",3475
"3,5,5,1,6,2,4,0",3476
"3,5,5,1,6,2,5,0",3477
"3,5,5,1,6,2,6,0",3478
"3,5,5,1,6,2,7,0",3479
"3,5,5,1,6,2,8,0",3480
"3,5,5,1,6,2,9,0",3481
"3,5,5,1,6,3,0,0",3482
"3,5,5,1,6,3,1,0",3483
"3,5,5,1,6,3,1,1",3484
"3,5,5,1,6,3,1,2",3485
"3,5,5,1,6,3,1,3",3486
"3,5,5,1,6,3,10,0",3487
"3,5,5,1,6,3,11,0",3488
"3,5,5,1,6,3,12,0",3489
"3,5,5,1,6,3,13,0",3490
"3,5,5,1,6,3,13,1",3491
"3,5,5,1,6,3,14,0",3492
"3,5,5,1,6,3,15,0",3493
"3,5,5,1,6,3,15,1",3494
"3,5,5,1,6,3,15,2",3495
"3,5,5,1,6,3,15,3",3496
"3,5,5,1,6,3,16,0",3497
"3,5,5,1,6,3,16,1",3498
"3,5,5,1,6,3,17,0",3499
"3,5,5,1,6,3,17,1",3500
"3,5,5,1,6,3,17,10",3501
"3,5,5,1,6,3,17,11",3502
"3,5,5,1,6,3,17,12",3503
"3,5,5,1,6,3,17,13",3504
"3,5,5,1,6,3,17,14",3505
"3,5,5,1,6,3,17,2",3506
"3,5,5,1,6,3,17,3",3507
"3,5,5,1,6,3,17,4",3508
"3,5,5,1,6,3,17,5",3509
"3,5,5,1,6,3,17,6",3510
"3,5,5,1,6,3,17,7",3511
"3,5,5,1,6,3,17,8",3512
"3,5,5,1,6,3,17,9",3513
"3,5,5,1,6,3,18,0",3514
"3,5,5,1,6,3,19,0",3515
"3,5,5,1,6,3,2,0",3516
"3,5,5,1,6,3,2,1",3517
"3,5,5,1,6,3,2,2",3518
"3,5,5,1,6,3,20,0",3519
"3,5,5,1,6,3,21,0",3520
"3,5,5,1,6,3,22,0",3521
"3,5,5,1,6,3,23,0",3522
"3,5,5,1,6,3,23,1",3523
"3,5,5,1,6,3,24,0",3524
"3,5,5,1,6,3,25,0",3525
"3,5,5,1,6,3,26,0",3526
"3,5,5,1,6,3,26,1",3527
"3,5,5,1,6,3,26,2",3528
"3,5,5,1,6,3,26,3",3529
"3,5,5,1,6,3,26,4",3530
"3,5,5,1,6,3,26,5",3531
"3,5,5,1,6,3,26,6",3532
"3,5,5,1,6,3,26,7",3533
"3,5,5,1,6,3,26,8",3534
"3,5,5,1,6,3,26,9",3535
"3,5,5,1,6,3,27,0",3536
"3,5,5,1,6,3,28,0",3537
"3,5,5,1,6,3,28,1",3538
"3,5,5,1,6,3,28,2",3539
"3,5,5,1,6,3,28,3",3540
"3,5,5,1,6,3,28,4",3541
"3,5,5,1,6,3,28,5",3542
"3,5,5,1,6,3,29,0",3543
"3,5,5,1,6,3,3,0",3544
"3,5,5,1,6,3,3,1",3545
"3,5,5,1,6,3,3,2",3546
"3,5,5,1,6,3,30,0",3547
"3,5,5,1,6,3,30,1",3548
"3,5,5,1,6,3,4,0",3549
"3,5,5,1,6,3,5,0",3550
"3,5,5,1,6,3,6,0",3551
"3,5,5,1,6,3,7,0",3552
"3,5,5,1,6,3,8,0",3553
"3,5,5,1,6,3,8,1",3554
"3,5,5,1,6,3,9,0",3555
"3,5,5,1,6,3,9,1",3556
"3,5,5,1,6,3,9,2",3557
"3,5,5,1,6,4,0,0",3558
"3,5,5,1,6,4,1,0",3559
"3,5,5,1,6,4,2,0",3560
"3,5,5,1,6,4,3,0",3561
"3,5,5,1,6,4,4,0",3562
"3,5,5,1,6,5,0,0",3563
"3,5,5,1,6,5,1,0",3564
"3,5,5,1,6,5,1,1",3565
"3,5,5,1,6,5,1,2",3566
"3,5,5,1,6,5,10,0",3567
"3,5,5,1,6,5,11,0",3568
"3,5,5,1,6,5,12,0",3569
"3,5,5,1,6,5,13,0",3570
"3,5,5,1,6,5,14,0",3571
"3,5,5,1,6,5,15,0",3572
"3,5,5,1,6,5,15,1",3573
"3,5,5,1,6,5,16,0",3574
"3,5,5,1,6,5,16,1",3575
"3,5,5,1,6,5,16,2",3576
"3,5,5,1,6,5,16,3",3577
"3,5,5,1,6,5,16,4",3578
"3,5,5,1,6,5,16,5",3579
"3,5,5,1,6,5,16,6",3580
"3,5,5,1,6,5,16,7",3581
"3,5,5,1,6,5,17,0",3582
"3,5,5,1,6,5,17,1",3583
"3,5,5,1,6,5,17,10",3584
"3,5,5,1,6,5,17,11",3585
"3,5,5,1,6,5,17,12",3586
"3,5,5,1,6,5,17,13",3587
"3,5,5,1,6,5,17,14",3588
"3,5,5,1,6,5,17,15",3589
"3,5,5,1,6,5,17,2",3590
"3,5,5,1,6,5,17,3",3591
"3,5,5,1,6,5,17,4",3592
"3,5,5,1,6,5,17,5",3593
"3,5,5,1,6,5,17,6",3594
"3,5,5,1,6,5,17,7",3595
"3,5,5,1,6,5,17,8",3596
"3,5,5,1,6,5,17,9",3597
"3,5,5,1,6,5,18,0",3598
"3,5,5,1,6,5,2,0",3599
"3,5,5,1,6,5,3,0",3600
"3,5,5,1,6,5,4,0",3601
"3,5,5,1,6,5,4,1",3602
"3,5,5,1,6,5,5,0",3603
"3,5,5,1,6,5,6,0",3604
"3,5,5,1,6,5,6,1",3605
"3,5,5,1,6,5,7,0",3606
"3,5,5,1,6,5,8,0",3607
"3,5,5,1,6,5,9,0",3608
"3,5,5,1,7,0,0,0",3609
"3,5,5,1,7,1,0,0",3610
"3,5,5,1,8,0,0,0",3611
"3,5,5,1,8,1,0,0",3612
"3,5,5,1,8,2,0,0",3613
"3,5,5,1,8,3,0,0",3614
"3,5,5,1,8,4,0,0",3615
"3,5,5,1,8,5,0,0",3616
"3,5,5,1,8,6,0,0",3617
"3,5,5,2,0,0,0,0",3618
"3,5,5,2,1,0,0,0",3619
"3,5,5,2,2,0,0,0",3620
"3,5,5,2,2,1,0,0",3621
"3,5,5,2,2,1,1,0",3622
"3,5,5,2,2,1,1,1",3623
"3,5,5,2,2,1,1,2",3624
"3,5,5,2,2,1,1,3",3625
"3,5,5,2,2,1,1,4",3626
"3,5,5,2,2,1,10,0",3627
"3,5,5,2,2,1,11,0",3628
"3,5,5,2,2,1,12,0",3629
"3,5,5,2,2,1,13,0",3630
"3,5,5,2,2,1,14,0",3631
"3,5,5,2,2,1,14,1",3632
"3,5,5,2,2,1,14,10",3633
"3,5,5,2,2,1,14,11",3634
"3,5,5,2,2,1,14,12",3635
"3,5,5,2,2,1,14,2",3636
"3,5,5,2,2,1,14,3",3637
"3,5,5,2,2,1,14,4",3638
"3,5,5,2,2,1,14,5",3639
"3,5,5,2,2,1,14,6",3640
"3,5,5,2,2,1,14,7",3641
"3,5,5,2,2,1,14,8",3642
"3,5,5,2,2,1,14,9",3643
"3,5,5,2,2,1,15,0",3644
"3,5,5,2,2,1,16,0",3645
"3,5,5,2,2,1,17,0",3646
"3,5,5,2,2,1,18,0",3647
"3,5,5,2,2,1,19,0",3648
"3,5,5,2,2,1,2,0",3649
"3,5,5,2,2,1,20,0",3650
"3,5,5,2,2,1,20,1",3651
"3,5,5,2,2,1,20,2",3652
"3,5,5,2,2,1,20,3",3653
"3,5,5,2,2,1,20,4",3654
"3,5,5,2,2,1,20,5",3655
"3,5,5,2,2,1,20,6",3656
"3,5,5,2,2,1,20,7",3657
"3,5,5,2,2,1,21,0",3658
"3,5,5,2,2,1,22,0",3659
"3,5,5,2,2,1,22,1",3660
"3,5,5,2,2,1,22,2",3661
"3,5,5,2,2,1,22,3",3662
"3,5,5,2,2,1,22,4",3663
"3,5,5,2,2,1,22,5",3664
"3,5,5,2,2,1,22,6",3665
"3,5,5,2,2,1,23,0",3666
"3,5,5,2,2,1,24,0",3667
"3,5,5,2,2,1,25,0",3668
"3,5,5,2,2,1,25,1",3669
"3,5,5,2,2,1,25,2",3670
"3,5,5,2,2,1,25,3",3671
"3,5,5,2,2,1,25,4",3672
"3,5,5,2,2,1,25,5",3673
"3,5,5,2,2,1,25,6",3674
"3,5,5,2,2,1,25,7",3675
"3,5,5,2,2,1,3,0",3676
"3,5,5,2,2,1,4,0",3677
"3,5,5,2,2,1,5,0",3678
"3,5,5,2,2,1,6,0",3679
"3,5,5,2,2,1,7,0",3680
"3,5,5,2,2,1,8,0",3681
"3,5,5,2,2,1,9,0",3682
"3,5,5,2,2,2,0,0",3683
"3,5,5,2,2,2,1,0",3684
"3,5,5,2,2,2,2,0",3685
"3,5,5,2,2,2,2,1",3686
"3,5,5,2,2,3,0,0",3687
"3,5,5,2,2,3,1,0",3688
"3,5,5,2,2,3,10,0",3689
"3,5,5,2,2,3,11,0",3690
"3,5,5,2,2,3,12,0",3691
"3,5,5,2,2,3,13,0",3692
"3,5,5,2,2,3,2,0",3693
"3,5,5,2,2,3,3,0",3694
"3,5,5,2,2,3,4,0",3695
"3,5,5,2,2,3,5,0",3696
"3,5,5,2,2,3,6,0",3697
"3,5,5,2,2,3,7,0",3698
"3,5,5,2,2,3,8,0",3699
"3,5,5,2,2,3,9,0",3700
"3,5,5,2,3,0,0,0",3701
"3,5,5,2,4,0,0,0",3702
"3,5,5,2,4,1,0,0",3703
"3,5,5,2,4,2,0,0",3704
"3,5,5,2,4,3,0,0",3705
"3,5,5,2,4,4,0,0",3706
"3,5,5,2,4,4,1,0",3707
"3,5,5,2,4,4,10,0",3708
"3,5,5,2,4,4,11,0",3709
"3,5,5,2,4,4,12,0",3710
"3,5,5,2,4,4,13,0",3711
"3,5,5,2,4,4,14,0",3712
"3,5,5,2,4,4,15,0",3713
"3,5,5,2,4,4,16,0",3714
"3,5,5,2,4,4,17,0",3715
"3,5,5,2,4,4,18,0",3716
"3,5,5,2,4,4,19,0",3717
"3,5,5,2,4,4,2,0",3718
"3,5,5,2,4,4,20,0",3719
"3,5,5,2,4,4,21,0",3720
"3,5,5,2,4,4,22,0",3721
"3,5,5,2,4,4,23,0",3722
"3,5,5,2,4,4,24,0",3723
"3,5,5,2,4,4,25,0",3724
"3,5,5,2,4,4,26,0",3725
"3,5,5,2,4,4,27,0",3726
"3,5,5,2,4,4,28,0",3727
"3,5,5,2,4,4,29,0",3728
"3,5,5,2,4,4,3,0",3729
"3,5,5,2,4,4,30,0",3730
"3,5,5,2,4,4,4,0",3731
"3,5,5,2,4,4,5,0",3732
"3,5,5,2,4,4,6,0",3733
"3,5,5,2,4,4,7,0",3734
"3,5,5,2,4,4,8,0",3735
"3,5,5,2,4,4,9,0",3736
"3,5,5,2,4,5,0,0",3737
"3,5,5,2,5,0,0,0",3738
"3,5,5,2,6,0,0,0",3739
"3,5,5,2,6,1,0,0",3740
"3,5,5,2,7,0,0,0",3741
"3,5,5,2,8,0,0,0",3742
"3,5,5,2,9,0,0,0",3743
"3,5,6,0,0,0,0,0",3744
"3,5,6,1,0,0,0,0",3745
"3,5,6,1,1,0,0,0",3746
"3,5,6,1,2,0,0,0",3747
"3,5,6,1,3,0,0,0",3748
"3,5,6,1,4,0,0,0",3749
"3,5,6,1,5,0,0,0",3750
"3,5,6,2,0,0,0,0",3751
"3,5,6,2,1,0,0,0",3752
"3,5,6,2,2,0,0,0",3753
"3,5,6,2,3,0,0,0",3754
"3,5,6,2,4,0,0,0",3755
"3,5,6,2,5,0,0,0",3756
"3,5,6,2,6,0,0,0",3757
"3,5,6,2,6,1,0,0",3758
"3,5,6,2,6,2,0,0",3759
"3,5,6,2,6,3,0,0",3760
"3,5,6,2,7,0,0,0",3761
"3,5,6,2,8,0,0,0",3762
"3,5,6,2,8,1,0,0",3763
"3,5,6,2,9,0,0,0",3764
"3,5,6,3,0,0,0,0",3765
"3,5,6,3,1,0,0,0",3766
"3,5,6,3,2,0,0,0",3767
"3,5,6,3,3,0,0,0",3768
"3,5,6,3,4,0,0,0",3769
"3,5,6,3,5,0,0,0",3770
"3,5,7,0,0,0,0,0",3771
"3,5,7,1,0,0,0,0",3772
"3,5,7,1,1,0,0,0",3773
"3,5,7,1,2,0,0,0",3774
"3,5,7,2,0,0,0,0",3775
"3,5,7,2,1,0,0,0",3776
"3,5,7,3,0,0,0,0",3777
"3,5,7,4,0,0,0,0",3778
"3,5,7,4,1,0,0,0",3779
"3,5,8,0,0,0,0,0",3780
"3,5,8,1,0,0,0,0",3781
"3,5,8,1,1,0,0,0",3782
"3,5,8,1,1,1,0,0",3783
"3,5,8,1,1,1,1,0",3784
"3,5,8,1,1,1,2,0",3785
"3,5,8,1,1,2,0,0",3786
"3,5,8,1,1,3,0,0",3787
"3,5,8,1,1,4,0,0",3788
"3,5,8,1,2,0,0,0",3789
"3,5,8,1,2,1,0,0",3790
"3,5,8,1,2,2,0,0",3791
"3,5,8,1,2,3,0,0",3792
"3,5,8,1,2,4,0,0",3793
"3,5,8,1,3,0,0,0",3794
"3,5,8,1,3,1,0,0",3795
"3,5,8,1,3,1,1,0",3796
"3,5,8,1,3,1,2,0",3797
"3,5,8,1,3,2,0,0",3798
"3,5,8,1,4,0,0,0",3799
"3,5,8,1,4,1,0,0",3800
"3,5,8,1,4,2,0,0",3801
"3,5,8,1,4,3,0,0",3802
"3,5,8,1,4,4,0,0",3803
"3,5,8,1,4,5,0,0",3804
"3,5,8,1,4,6,0,0",3805
"3,5,8,1,4,7,0,0",3806
"3,5,8,2,0,0,0,0",3807
"3,5,8,2,1,0,0,0",3808
"3,5,8,2,2,0,0,0",3809
"3,5,8,2,2,1,0,0",3810
"3,5,9,0,0,0,0,0",3811
"3,5,9,1,0,0,0,0",3812
"3,5,9,1,1,0,0,0",3813
"3,5,9,2,0,0,0,0",3814
"3,5,9,3,0,0,0,0",3815
"3,5,9,3,1,0,0,0",3816
"3,5,9,3,2,0,0,0",3817
"3,5,9,3,3,0,0,0",3818
"3,5,9,3,4,0,0,0",3819
"3,5,9,3,5,0,0,0",3820
"3,5,9,4,0,0,0,0",3821
"3,5,9,4,1,0,0,0",3822
"3,5,9,4,1,1,0,0",3823
"3,5,9,4,1,2,0,0",3824
"3,5,9,4,1,3,0,0",3825
"3,5,9,4,1,4,0,0",3826
"3,5,9,4,1,5,0,0",3827
"3,5,9,4,2,0,0,0",3828
"3,5,9,4,2,1,0,0",3829
"3,5,9,5,0,0,0,0",3830
"3,5,9,6,0,0,0,0",3831
"3,5,9,7,0,0,0,0",3832
"3,5,9,7,1,0,0,0",3833
"3,5,9,7,2,0,0,0",3834
"3,5,9,7,3,0,0,0",3835
"3,5,9,7,4,0,0,0",3836
"3,5,9,8,0,0,0,0",3837
"3,5,9,8,1,0,0,0",3838
"3,5,9,8,2,0,0,0",3839
"3,5,9,8,3,0,0,0",3840
"3,5,9,8,4,0,0,0",3841
"3,5,9,8,5,0,0,0",3842
"3,5,9,8,6,0,0,0",3843
"3,5,9,8,7,0,0,0",3844
"3,5,9,8,8,0,0,0",3845
"3,5,9,8,9,0,0,0",3846
"3,5,9,9,0,0,0,0",3847
"3,5,9,9,1,0,0,0",3848
"3,6,0,0,0,0,0,0",3849
"3,6,1,0,0,0,0,0",3850
"3,6,1,1,0,0,0,0",3851
"3,6,1,1,1,0,0,0",3852
"3,6,1,1,2,0,0,0",3853
"3,6,1,2,0,0,0,0",3854
"3,6,1,2,1,0,0,0",3855
"3,6,1,2,2,0,0,0",3856
"3,6,1,2,3,0,0,0",3857
"3,6,1,3,0,0,0,0",3858
"3,6,1,3,1,0,0,0",3859
"3,6,1,3,2,0,0,0",3860
"3,6,1,3,3,0,0,0",3861
"3,6,1,3,4,0,0,0",3862
"3,6,2,0,0,0,0,0",3863
"3,6,2,1,0,0,0,0",3864
"3,6,2,1,1,0,0,0",3865
"3,6,2,1,2,0,0,0",3866
"3,6,2,1,3,0,0,0",3867
"3,6,2,1,3,1,0,0",3868
"3,6,2,2,0,0,0,0",3869
"3,6,2,2,1,0,0,0",3870
"3,6,2,2,1,1,0,0",3871
"3,6,2,2,1,2,0,0",3872
"3,6,2,2,1,3,0,0",3873
"3,6,2,2,2,0,0,0",3874
"3,6,2,2,2,1,0,0",3875
"3,6,2,2,2,1,1,0",3876
"3,6,2,2,2,1,2,0",3877
"3,6,2,2,2,2,0,0",3878
"3,6,2,2,2,2,1,0",3879
"3,6,2,2,2,2,2,0",3880
"3,6,2,2,2,2,3,0",3881
"3,6,2,2,2,2,4,0",3882
"3,6,2,2,2,2,5,0",3883
"3,6,2,2,2,2,6,0",3884
"3,6,2,2,2,2,7,0",3885
"3,6,2,2,2,3,0,0",3886
"3,6,2,2,2,3,1,0",3887
"3,6,2,2,2,3,2,0",3888
"3,6,2,2,2,4,0,0",3889
"3,6,2,2,2,4,1,0",3890
"3,6,2,2,2,4,2,0",3891
"3,6,2,2,2,4,3,0",3892
"3,6,2,2,2,4,4,0",3893
"3,6,2,2,2,4,5,0",3894
"3,6,2,2,3,0,0,0",3895
"3,6,2,2,3,1,0,0",3896
"3,6,2,2,3,1,1,0",3897
"3,6,2,2,3,1,10,0",3898
"3,6,2,2,3,1,11,0",3899
"3,6,2,2,3,1,12,0",3900
"3,6,2,2,3,1,13,0",3901
"3,6,2,2,3,1,14,0",3902
"3,6,2,2,3,1,15,0",3903
"3,6,2,2,3,1,16,0",3904
"3,6,2,2,3,1,2,0",3905
"3,6,2,2,3,1,3,0",3906
"3,6,2,2,3,1,4,0",3907
"3,6,2,2,3,1,5,0",3908
"3,6,2,2,3,1,6,0",3909
"3,6,2,2,3,1,7,0",3910
"3,6,2,2,3,1,8,0",3911
"3,6,2,2,3,1,9,0",3912
"3,6,2,2,3,2,0,0",3913
"3,6,2,2,3,3,0,0",3914
"3,6,2,2,3,4,0,0",3915
"3,6,2,2,3,4,1,0",3916
"3,6,2,2,3,4,10,0",3917
"3,6,2,2,3,4,11,0",3918
"3,6,2,2,3,4,12,0",3919
"3,6,2,2,3,4,2,0",3920
"3,6,2,2,3,4,3,0",3921
"3,6,2,2,3,4,4,0",3922
"3,6,2,2,3,4,5,0",3923
"3,6,2,2,3,4,6,0",3924
"3,6,2,2,3,4,7,0",3925
"3,6,2,2,3,4,8,0",3926
"3,6,2,2,3,4,9,0",3927
"3,6,2,3,0,0,0,0",3928
"3,6,2,3,1,0,0,0",3929
"3,6,2,3,2,0,0,0",3930
"3,6,2,3,3,0,0,0",3931
"3,6,2,3,4,0,0,0",3932
"3,6,2,3,5,0,0,0",3933
"3,6,2,3,6,0,0,0",3934
"3,6,2,3,7,0,0,0",3935
"3,6,2,4,0,0,0,0",3936
"3,6,2,4,1,0,0,0",3937
"3,6,2,4,1,1,0,0",3938
"3,6,2,4,1,2,0,0",3939
"3,6,2,4,2,0,0,0",3940
"3,6,2,4,3,0,0,0",3941
"3,6,2,4,3,1,0,0",3942
"3,6,2,4,3,1,1,0",3943
"3,6,2,4,3,1,2,0",3944
"3,6,2,4,3,1,3,0",3945
"3,6,2,4,3,1,4,0",3946
"3,6,2,4,3,2,0,0",3947
"3,6,2,4,3,3,0,0",3948
"3,6,2,4,3,4,0,0",3949
"3,6,2,4,3,4,1,0",3950
"3,6,2,4,3,4,2,0",3951
"3,6,2,4,3,4,3,0",3952
"3,6,2,4,3,4,4,0",3953
"3,6,2,4,3,4,5,0",3954
"3,6,2,5,0,0,0,0",3955
"3,6,2,5,1,0,0,0",3956
"3,6,2,5,1,1,0,0",3957
"3,6,2,5,1,2,0,0",3958
"3,6,2,5,1,3,0,0",3959
"3,6,2,5,2,0,0,0",3960
"3,6,2,5,2,1,0,0",3961
"3,6,2,5,2,1,1,0",3962
"3,6,2,5,2,1,2,0",3963
"3,6,2,5,2,2,0,0",3964
"3,6,2,5,2,2,1,0",3965
"3,6,2,5,2,2,2,0",3966
"3,6,2,5,2,2,3,0",3967
"3,6,2,5,2,2,4,0",3968
"3,6,2,5,2,2,5,0",3969
"3,6,2,5,2,2,6,0",3970
"3,6,2,5,2,2,7,0",3971
"3,6,2,5,2,3,0,0",3972
"3,6,2,5,2,3,1,0",3973
"3,6,2,5,2,3,2,0",3974
"3,6,2,5,2,3,3,0",3975
"3,6,2,5,3,0,0,0",3976
"3,6,2,5,3,1,0,0",3977
"3,6,2,5,3,2,0,0",3978
"3,6,2,5,3,3,0,0",3979
"3,6,2,5,3,4,0,0",3980
"3,6,2,5,4,0,0,0",3981
"3,6,2,5,4,1,0,0",3982
"3,6,2,5,4,1,1,0",3983
"3,6,2,5,4,1,10,0",3984
"3,6,2,5,4,1,11,0",3985
"3,6,2,5,4,1,12,0",3986
"3,6,2,5,4,1,13,0",3987
"3,6,2,5,4,1,2,0",3988
"3,6,2,5,4,1,3,0",3989
"3,6,2,5,4,1,4,0",3990
"3,6,2,5,4,1,5,0",3991
"3,6,2,5,4,1,6,0",3992
"3,6,2,5,4,1,7,0",3993
"3,6,2,5,4,1,8,0",3994
"3,6,2,5,4,1,9,0",3995
"3,6,2,5,4,2,0,0",3996
"3,6,2,5,4,2,1,0",3997
"3,6,2,5,4,2,2,0",3998
"3,6,2,5,4,2,3,0",3999
"3,6,2,5,4,2,4,0",4000
"3,6,2,5,4,2,5,0",4001
"3,6,2,5,4,2,6,0",4002
"3,6,2,5,4,2,7,0",4003
"3,6,2,5,4,2,8,0",4004
"3,6,2,5,4,3,0,0",4005
"3,6,2,5,4,3,1,0",4006
"3,6,2,5,4,3,2,0",4007
"3,6,2,5,4,3,3,0",4008
"3,6,2,5,4,3,4,0",4009
"3,6,2,5,4,3,5,0",4010
"3,6,2,5,4,3,6,0",4011
"3,6,2,5,4,4,0,0",4012
"3,6,2,5,4,4,1,0",4013
"3,6,2,5,4,4,10,0",4014
"3,6,2,5,4,4,2,0",4015
"3,6,2,5,4,4,3,0",4016
"3,6,2,5,4,4,4,0",4017
"3,6,2,5,4,4,5,0",4018
"3,6,2,5,4,4,6,0",4019
"3,6,2,5,4,4,7,0",4020
"3,6,2,5,4,4,8,0",4021
"3,6,2,5,4,4,9,0",4022
"4,0,0,0,0,0,0,0",4023
"4,1,0,0,0,0,0,0",4024
"4,1,1,0,0,0,0,0",4025
"4,1,2,0,0,0,0,0",4026
"4,1,3,0,0,0,0,0",4027
"4,1,4,0,0,0,0,0",4028
"4,1,5,0,0,0,0,0",4029
"4,1,6,0,0,0,0,0",4030
"4,1,7,0,0,0,0,0",4031
"4,2,0,0,0,0,0,0",4032
"4,2,1,0,0,0,0,0",4033
"4,2,2,0,0,0,0,0",4034
"5,0,0,0,0,0,0,0",4035
"5,1,0,0,0,0,0,0",4036
"5,1,1,0,0,0,0,0",4037
"5,1,2,0,0,0,0,0",4038
"5,1,2,1,0,0,0,0",4039
"5,1,2,2,0,0,0,0",4040
"5,1,2,3,0,0,0,0",4041
"5,1,2,4,0,0,0,0",4042
"5,1,2,5,0,0,0,0",4043
"5,1,3,0,0,0,0,0",4044
"5,1,3,1,0,0,0,0",4045
"5,1,3,2,0,0,0,0",4046
"5,1,3,3,0,0,0,0",4047
"5,1,3,4,0,0,0,0",4048
"5,1,4,0,0,0,0,0",4049
"5,1,4,1,0,0,0,0",4050
"5,1,4,2,0,0,0,0",4051
"5,1,4,3,0,0,0,0",4052
"5,1,4,4,0,0,0,0",4053
"5,10,0,0,0,0,0,0",4054
"5,2,0,0,0,0,0,0",4055
"5,2,1,0,0,0,0,0",4056
"5,2,2,0,0,0,0,0",4057
"5,2,3,0,0,0,0,0",4058
"5,3,0,0,0,0,0,0",4059
"5,4,0,0,0,0,0,0",4060
"5,4,1,0,0,0,0,0",4061
"5,4,1,1,0,0,0,0",4062
"5,4,1,2,0,0,0,0",4063
"5,4,1,3,0,0,0,0",4064
"5,4,1,4,0,0,0,0",4065
"5,4,2,0,0,0,0,0",4066
"5,4,3,0,0,0,0,0",4067
"5,4,4,0,0,0,0,0",4068
"5,4,4,1,0,0,0,0",4069
"5,4,4,2,0,0,0,0",4070
"5,4,4,3,0,0,0,0",4071
"5,5,0,0,0,0,0,0",4072
"5,6,0,0,0,0,0,0",4073
"5,6,1,0,0,0,0,0",4074
"5,7,0,0,0,0,0,0",4075
"5,7,1,0,0,0,0,0",4076
"5,8,0,0,0,0,0,0",4077
"5,8,1,0,0,0,0,0",4078
"5,8,2,0,0,0,0,0",4079
"5,8,3,0,0,0,0,0",4080
"5,8,4,0,0,0,0,0",4081
"5,8,5,0,0,0,0,0",4082
"5,8,6,0,0,0,0,0",4083
"5,8,7,0,0,0,0,0",4084
"5,9,0,0,0,0,0,0",4085
"5,9,1,0,0,0,0,0",4086
"5,9,2,0,0,0,0,0",4087
"6,0,0,0,0,0,0,0",4088
"6,1,0,0,0,0,0,0",4089
"6,1,1,0,0,0,0,0",4090
"6,1,1,1,0,0,0,0",4091
"6,1,1,2,0,0,0,0",4092
"6,1,1,3,0,0,0,0",4093
"6,1,2,0,0,0,0,0",4094
"6,1,2,1,0,0,0,0",4095
"6,1,2,2,0,0,0,0",4096
"6,1,2,3,0,0,0,0",4097
"6,1,2,4,0,0,0,0",4098
"6,1,2,5,0,0,0,0",4099
"6,1,2,6,0,0,0,0",4100
"6,1,2,7,0,0,0,0",4101
"6,1,3,0,0,0,0,0",4102
"6,1,4,0,0,0,0,0",4103
"6,2,0,0,0,0,0,0",4104
"6,2,1,0,0,0,0,0",4105
"6,2,1,1,0,0,0,0",4106
"6,2,2,0,0,0,0,0",4107
"6,2,3,0,0,0,0,0",4108
"6,2,4,0,0,0,0,0",4109
"6,2,5,0,0,0,0,0",4110
"6,2,5,1,0,0,0,0",4111
"6,2,5,2,0,0,0,0",4112
"6,2,5,3,0,0,0,0",4113
"6,2,6,0,0,0,0,0",4114
"6,2,6,1,0,0,0,0",4115
"6,2,6,2,0,0,0,0",4116
"6,2,7,0,0,0,0,0",4117
"6,2,7,1,0,0,0,0",4118
"6,2,7,2,0,0,0,0",4119
"6,2,7,3,0,0,0,0",4120
"6,2,8,0,0,0,0,0",4121
"6,2,9,0,0,0,0,0",4122
"6,2,9,1,0,0,0,0",4123
"6,2,9,2,0,0,0,0",4124
"6,2,9,3,0,0,0,0",4125
"6,2,9,4,0,0,0,0",4126
"6,2,9,5,0,0,0,0",4127
"6,2,9,6,0,0,0,0",4128
"6,3,0,0,0,0,0,0",4129
"6,3,1,0,0,0,0,0",4130
"6,4,0,0,0,0,0,0",4131
"6,4,1,0,0,0,0,0",4132
?,4133
,4134
